Application_Name,Array_1_1,Array_1_2,Array_2_1,Array_2_2,Array_3_1,Array_3_2,Array_4_1,Array_4_2,Array_5_1,Array_5_2,Array_6_1,Array_6_2,Array_7_1,Array_7_2,Array_8_1,Array_8_2,Array_9_1,Array_9_2,Array_10_1,Array_10_2,Array_11_1,Array_11_2,Array_12_1,Array_12_2,Array_13_1,Array_13_2,Array_14_1,Array_14_2,Array_15_1,Array_15_2,Array_16_1,Array_16_2,Array_17_1,Array_17_2,Array_18_1,Array_18_2,Array_19_1,Array_19_2,Array_20_1,Array_20_2,Array_21_1,Array_21_2,Array_22_1,Array_22_2,OuterLoop_1,OuterLoop_2,OuterLoop_3,OuterLoop_4,OuterLoop_5,OuterLoop_6,OuterLoop_7,OuterLoop_8,OuterLoop_9,OuterLoop_10,OuterLoop_11,OuterLoop_12,OuterLoop_13,OuterLoop_14,OuterLoop_15,OuterLoop_16,OuterLoop_17,OuterLoop_18,OuterLoop_19,OuterLoop_20,OuterLoop_21,OuterLoop_22,OuterLoop_23,OuterLoop_24,OuterLoop_25,OuterLoop_26,InnerLoop_1_1,InnerLoop_1_2,InnerLoop_1_3,InnerLoop_1_4,InnerLoop_1_5,InnerLoop_1_6,InnerLoop_1_7,InnerLoop_1_8,InnerLoop_1_9,InnerLoop_1_10,InnerLoop_1_11,InnerLoop_1_12,InnerLoop_1_13,InnerLoop_1_14,InnerLoop_1_15,InnerLoop_1_16,InnerLoop_2_1,InnerLoop_2_2,InnerLoop_2_3,InnerLoop_2_4,InnerLoop_2_5,InnerLoop_2_6,InnerLoop_2_7,InnerLoop_3_1,InnerLoop_3_2,InnerLoop_3_3,InnerLoop_3_4,InnerLoop_3_5,InnerLoop_4_1,InnerLoop_4_2,ADD,FADD,SUB,FSUB,MUL,FMUL,DIV,FDIV,LOAD,STORE
machsuite-aes,256,-1000000,-1000000,-1000000,-1000000,-1000000,-1000000,-1000000,-1000000,-1000000,-1000000,-1000000,-1000000,-1000000,-1000000,-1000000,-1000000,-1000000,-1000000,-1000000,-1000000,-1000000,-1000000,-1000000,-1000000,-1000000,-1000000,-1000000,-1000000,-1000000,-1000000,-1000000,-1000000,-1000000,-1000000,-1000000,-1000000,-1000000,-1000000,-1000000,-1000000,-1000000,-1000000,-1000000,15,15,15,3,2,2,31,6,12,-2000000,-2000000,-2000000,-2000000,-2000000,-2000000,-2000000,-2000000,-2000000,-2000000,-2000000,-2000000,-2000000,-2000000,-2000000,-2000000,-2000000,-2000000,-2000000,-2000000,-2000000,-2000000,-2000000,-2000000,-2000000,-2000000,-2000000,-2000000,-2000000,-2000000,-2000000,-2000000,-2000000,-2000000,-2000000,-2000000,-2000000,-2000000,-2000000,-2000000,-2000000,-2000000,-2000000,-2000000,-2000000,-2000000,-2000000,18,0,0,0,0,0,0,0,40,31
machsuite-backprop,4096,-1000000,832,-1000000,192,-1000000,64,-1000000,64,-1000000,64,-1000000,64,-1000000,64,-1000000,64,-1000000,3,-1000000,3,-1000000,3,-1000000,3,-1000000,-1000000,-1000000,-1000000,-1000000,-1000000,-1000000,-1000000,-1000000,-1000000,-1000000,-1000000,-1000000,-1000000,-1000000,-1000000,-1000000,-1000000,-1000000,2,2,-1,-1,63,63,2,2,63,63,63,63,12,12,63,12,63,63,63,63,63,63,2,63,2,162,12,63,63,2,2,63,63,63,63,63,63,63,2,2,63,-2000000,-2000000,-2000000,-2000000,-2000000,-2000000,-2000000,-2000000,-2000000,-2000000,-2000000,-2000000,-2000000,-2000000,-2000000,29,0,0,0,0,3,0,3,30,15
machsuite-fft-transpose,576,-1000000,512,-1000000,512,-1000000,8,-1000000,8,-1000000,8,-1000000,8,-1000000,-1000000,-1000000,-1000000,-1000000,-1000000,-1000000,-1000000,-1000000,-1000000,-1000000,-1000000,-1000000,-1000000,-1000000,-1000000,-1000000,-1000000,-1000000,-1000000,-1000000,-1000000,-1000000,-1000000,-1000000,-1000000,-1000000,-1000000,-1000000,-1000000,-1000000,6,63,63,63,63,63,63,63,63,63,63,63,-2000000,-2000000,-2000000,-2000000,-2000000,-2000000,-2000000,-2000000,-2000000,-2000000,-2000000,-2000000,-2000000,-2000000,-2000000,-2000000,-2000000,-2000000,-2000000,-2000000,-2000000,-2000000,-2000000,-2000000,-2000000,-2000000,-2000000,-2000000,-2000000,-2000000,-2000000,-2000000,-2000000,-2000000,-2000000,-2000000,-2000000,-2000000,-2000000,-2000000,-2000000,-2000000,-2000000,-2000000,84,75,0,72,4,25,0,1,148,262
machsuite-gemm-blocked,-1000000,-1000000,-1000000,-1000000,-1000000,-1000000,-1000000,-1000000,-1000000,-1000000,-1000000,-1000000,-1000000,-1000000,-1000000,-1000000,-1000000,-1000000,-1000000,-1000000,-1000000,-1000000,-1000000,-1000000,-1000000,-1000000,-1000000,-1000000,-1000000,-1000000,-1000000,-1000000,-1000000,-1000000,-1000000,-1000000,-1000000,-1000000,-1000000,-1000000,-1000000,-1000000,-1000000,-1000000,7,-2000000,-2000000,-2000000,-2000000,-2000000,-2000000,-2000000,-2000000,-2000000,-2000000,-2000000,-2000000,-2000000,-2000000,-2000000,-2000000,-2000000,-2000000,-2000000,-2000000,-2000000,-2000000,-2000000,-2000000,-2000000,7,-2000000,-2000000,-2000000,-2000000,-2000000,-2000000,-2000000,-2000000,-2000000,-2000000,-2000000,-2000000,-2000000,-2000000,-2000000,63,-2000000,-2000000,-2000000,-2000000,-2000000,-2000000,7,-2000000,-2000000,-2000000,-2000000,7,-2000000,5,1,0,0,0,1,0,0,2,1
machsuite-gemm-ncubed,-1000000,-1000000,-1000000,-1000000,-1000000,-1000000,-1000000,-1000000,-1000000,-1000000,-1000000,-1000000,-1000000,-1000000,-1000000,-1000000,-1000000,-1000000,-1000000,-1000000,-1000000,-1000000,-1000000,-1000000,-1000000,-1000000,-1000000,-1000000,-1000000,-1000000,-1000000,-1000000,-1000000,-1000000,-1000000,-1000000,-1000000,-1000000,-1000000,-1000000,-1000000,-1000000,-1000000,-1000000,63,-2000000,-2000000,-2000000,-2000000,-2000000,-2000000,-2000000,-2000000,-2000000,-2000000,-2000000,-2000000,-2000000,-2000000,-2000000,-2000000,-2000000,-2000000,-2000000,-2000000,-2000000,-2000000,-2000000,-2000000,-2000000,63,-2000000,-2000000,-2000000,-2000000,-2000000,-2000000,-2000000,-2000000,-2000000,-2000000,-2000000,-2000000,-2000000,-2000000,-2000000,63,-2000000,-2000000,-2000000,-2000000,-2000000,-2000000,-2000000,-2000000,-2000000,-2000000,-2000000,-2000000,-2000000,3,1,0,0,0,1,0,0,2,0
machsuite-md-knn,-1000000,-1000000,-1000000,-1000000,-1000000,-1000000,-1000000,-1000000,-1000000,-1000000,-1000000,-1000000,-1000000,-1000000,-1000000,-1000000,-1000000,-1000000,-1000000,-1000000,-1000000,-1000000,-1000000,-1000000,-1000000,-1000000,-1000000,-1000000,-1000000,-1000000,-1000000,-1000000,-1000000,-1000000,-1000000,-1000000,-1000000,-1000000,-1000000,-1000000,-1000000,-1000000,-1000000,-1000000,255,-2000000,-2000000,-2000000,-2000000,-2000000,-2000000,-2000000,-2000000,-2000000,-2000000,-2000000,-2000000,-2000000,-2000000,-2000000,-2000000,-2000000,-2000000,-2000000,-2000000,-2000000,-2000000,-2000000,-2000000,-2000000,15,-2000000,-2000000,-2000000,-2000000,-2000000,-2000000,-2000000,-2000000,-2000000,-2000000,-2000000,-2000000,-2000000,-2000000,-2000000,-2000000,-2000000,-2000000,-2000000,-2000000,-2000000,-2000000,-2000000,-2000000,-2000000,-2000000,-2000000,-2000000,-2000000,2,0,0,3,0,5,0,1,4,0
machsuite-sort-radix,-1000000,-1000000,-1000000,-1000000,-1000000,-1000000,-1000000,-1000000,-1000000,-1000000,-1000000,-1000000,-1000000,-1000000,-1000000,-1000000,-1000000,-1000000,-1000000,-1000000,-1000000,-1000000,-1000000,-1000000,-1000000,-1000000,-1000000,-1000000,-1000000,-1000000,-1000000,-1000000,-1000000,-1000000,-1000000,-1000000,-1000000,-1000000,-1000000,-1000000,-1000000,-1000000,-1000000,-1000000,127,126,127,511,511,15,-2000000,-2000000,-2000000,-2000000,-2000000,-2000000,-2000000,-2000000,-2000000,-2000000,-2000000,-2000000,-2000000,-2000000,-2000000,-2000000,-2000000,-2000000,-2000000,-2000000,14,15,3,3,-2000000,-2000000,-2000000,-2000000,-2000000,-2000000,-2000000,-2000000,-2000000,-2000000,-2000000,-2000000,-2000000,-2000000,-2000000,-2000000,-2000000,-2000000,-2000000,-2000000,-2000000,-2000000,-2000000,-2000000,-2000000,-2000000,14,0,0,0,0,0,0,0,8,5
machsuite-spmv-ellpack,-1000000,-1000000,-1000000,-1000000,-1000000,-1000000,-1000000,-1000000,-1000000,-1000000,-1000000,-1000000,-1000000,-1000000,-1000000,-1000000,-1000000,-1000000,-1000000,-1000000,-1000000,-1000000,-1000000,-1000000,-1000000,-1000000,-1000000,-1000000,-1000000,-1000000,-1000000,-1000000,-1000000,-1000000,-1000000,-1000000,-1000000,-1000000,-1000000,-1000000,-1000000,-1000000,-1000000,-1000000,493,-2000000,-2000000,-2000000,-2000000,-2000000,-2000000,-2000000,-2000000,-2000000,-2000000,-2000000,-2000000,-2000000,-2000000,-2000000,-2000000,-2000000,-2000000,-2000000,-2000000,-2000000,-2000000,-2000000,-2000000,-2000000,9,-2000000,-2000000,-2000000,-2000000,-2000000,-2000000,-2000000,-2000000,-2000000,-2000000,-2000000,-2000000,-2000000,-2000000,-2000000,-2000000,-2000000,-2000000,-2000000,-2000000,-2000000,-2000000,-2000000,-2000000,-2000000,-2000000,-2000000,-2000000,-2000000,2,1,0,0,0,1,0,0,3,0
machsuite-stencil2d,-1000000,-1000000,-1000000,-1000000,-1000000,-1000000,-1000000,-1000000,-1000000,-1000000,-1000000,-1000000,-1000000,-1000000,-1000000,-1000000,-1000000,-1000000,-1000000,-1000000,-1000000,-1000000,-1000000,-1000000,-1000000,-1000000,-1000000,-1000000,-1000000,-1000000,-1000000,-1000000,-1000000,-1000000,-1000000,-1000000,-1000000,-1000000,-1000000,-1000000,-1000000,-1000000,-1000000,-1000000,125,-2000000,-2000000,-2000000,-2000000,-2000000,-2000000,-2000000,-2000000,-2000000,-2000000,-2000000,-2000000,-2000000,-2000000,-2000000,-2000000,-2000000,-2000000,-2000000,-2000000,-2000000,-2000000,-2000000,-2000000,-2000000,61,-2000000,-2000000,-2000000,-2000000,-2000000,-2000000,-2000000,-2000000,-2000000,-2000000,-2000000,-2000000,-2000000,-2000000,-2000000,2,-2000000,-2000000,-2000000,-2000000,-2000000,-2000000,2,-2000000,-2000000,-2000000,-2000000,-2000000,-2000000,4,0,0,0,1,0,0,0,2,0
machsuite-stencil3d,-1000000,-1000000,-1000000,-1000000,-1000000,-1000000,-1000000,-1000000,-1000000,-1000000,-1000000,-1000000,-1000000,-1000000,-1000000,-1000000,-1000000,-1000000,-1000000,-1000000,-1000000,-1000000,-1000000,-1000000,-1000000,-1000000,-1000000,-1000000,-1000000,-1000000,-1000000,-1000000,-1000000,-1000000,-1000000,-1000000,-1000000,-1000000,-1000000,-1000000,-1000000,-1000000,-1000000,-1000000,31,29,29,29,-2000000,-2000000,-2000000,-2000000,-2000000,-2000000,-2000000,-2000000,-2000000,-2000000,-2000000,-2000000,-2000000,-2000000,-2000000,-2000000,-2000000,-2000000,-2000000,-2000000,-2000000,-2000000,15,15,29,29,-2000000,-2000000,-2000000,-2000000,-2000000,-2000000,-2000000,-2000000,-2000000,-2000000,-2000000,-2000000,13,-2000000,-2000000,-2000000,-2000000,-2000000,-2000000,-2000000,-2000000,-2000000,-2000000,-2000000,-2000000,-2000000,15,0,0,0,2,0,0,0,9,1
machsuite-viterbi,140,64,-1000000,-1000000,-1000000,-1000000,-1000000,-1000000,-1000000,-1000000,-1000000,-1000000,-1000000,-1000000,-1000000,-1000000,-1000000,-1000000,-1000000,-1000000,-1000000,-1000000,-1000000,-1000000,-1000000,-1000000,-1000000,-1000000,-1000000,-1000000,-1000000,-1000000,-1000000,-1000000,-1000000,-1000000,-1000000,-1000000,-1000000,-1000000,-1000000,-1000000,-1000000,-1000000,63,138,62,138,-2000000,-2000000,-2000000,-2000000,-2000000,-2000000,-2000000,-2000000,-2000000,-2000000,-2000000,-2000000,-2000000,-2000000,-2000000,-2000000,-2000000,-2000000,-2000000,-2000000,-2000000,-2000000,63,62,-2000000,-2000000,-2000000,-2000000,-2000000,-2000000,-2000000,-2000000,-2000000,-2000000,-2000000,-2000000,-2000000,-2000000,62,-2000000,-2000000,-2000000,-2000000,-2000000,-2000000,-2000000,-2000000,-2000000,-2000000,-2000000,-2000000,-2000000,2,2,0,0,0,0,0,0,2,0
rodinia-backprop-0-baseline-back,-1000000,-1000000,-1000000,-1000000,-1000000,-1000000,-1000000,-1000000,-1000000,-1000000,-1000000,-1000000,-1000000,-1000000,-1000000,-1000000,-1000000,-1000000,-1000000,-1000000,-1000000,-1000000,-1000000,-1000000,-1000000,-1000000,-1000000,-1000000,-1000000,-1000000,-1000000,-1000000,-1000000,-1000000,-1000000,-1000000,-1000000,-1000000,-1000000,-1000000,-1000000,-1000000,-1000000,-1000000,15,-2000000,-2000000,-2000000,-2000000,-2000000,-2000000,-2000000,-2000000,-2000000,-2000000,-2000000,-2000000,-2000000,-2000000,-2000000,-2000000,-2000000,-2000000,-2000000,-2000000,-2000000,-2000000,-2000000,-2000000,-2000000,65536,-2000000,-2000000,-2000000,-2000000,-2000000,-2000000,-2000000,-2000000,-2000000,-2000000,-2000000,-2000000,-2000000,-2000000,-2000000,-2000000,-2000000,-2000000,-2000000,-2000000,-2000000,-2000000,-2000000,-2000000,-2000000,-2000000,-2000000,-2000000,-2000000,2,1,0,0,1,2,0,0,4,2
rodinia-backprop-0-baseline-forward,65537,-1000000,8704,-1000000,17,-1000000,-1000000,-1000000,-1000000,-1000000,-1000000,-1000000,-1000000,-1000000,-1000000,-1000000,-1000000,-1000000,-1000000,-1000000,-1000000,-1000000,-1000000,-1000000,-1000000,-1000000,-1000000,-1000000,-1000000,-1000000,-1000000,-1000000,-1000000,-1000000,-1000000,-1000000,-1000000,-1000000,-1000000,-1000000,-1000000,-1000000,-1000000,-1000000,15,-2000000,-2000000,-2000000,-2000000,-2000000,-2000000,-2000000,-2000000,-2000000,-2000000,-2000000,-2000000,-2000000,-2000000,-2000000,-2000000,-2000000,-2000000,-2000000,-2000000,-2000000,-2000000,-2000000,-2000000,-2000000,128,-2000000,-2000000,-2000000,-2000000,-2000000,-2000000,-2000000,-2000000,-2000000,-2000000,-2000000,-2000000,-2000000,-2000000,-2000000,511,-2000000,-2000000,-2000000,-2000000,-2000000,-2000000,-2000000,-2000000,-2000000,-2000000,-2000000,-2000000,-2000000,3,1,0,0,1,1,0,0,2,0
rodinia-backprop-1-tiling-back,65536,-1000000,4096,16,4096,16,16,-1000000,16,-1000000,16,-1000000,-1000000,-1000000,-1000000,-1000000,-1000000,-1000000,-1000000,-1000000,-1000000,-1000000,-1000000,-1000000,-1000000,-1000000,-1000000,-1000000,-1000000,-1000000,-1000000,-1000000,-1000000,-1000000,-1000000,-1000000,-1000000,-1000000,-1000000,-1000000,-1000000,-1000000,-1000000,-1000000,15,15,-2000000,-2000000,-2000000,-2000000,-2000000,-2000000,-2000000,-2000000,-2000000,-2000000,-2000000,-2000000,-2000000,-2000000,-2000000,-2000000,-2000000,-2000000,-2000000,-2000000,-2000000,-2000000,-2000000,-2000000,4095,-2000000,-2000000,-2000000,-2000000,-2000000,-2000000,-2000000,-2000000,-2000000,-2000000,-2000000,-2000000,-2000000,-2000000,-2000000,15,-2000000,-2000000,-2000000,-2000000,-2000000,-2000000,-2000000,-2000000,-2000000,-2000000,-2000000,-2000000,-2000000,1,1,0,0,0,2,0,0,3,2
rodinia-backprop-1-tiling-forward,65536,-1000000,8192,-1000000,16,-1000000,16,-1000000,-1000000,-1000000,-1000000,-1000000,-1000000,-1000000,-1000000,-1000000,-1000000,-1000000,-1000000,-1000000,-1000000,-1000000,-1000000,-1000000,-1000000,-1000000,-1000000,-1000000,-1000000,-1000000,-1000000,-1000000,-1000000,-1000000,-1000000,-1000000,-1000000,-1000000,-1000000,-1000000,-1000000,-1000000,-1000000,-1000000,15,-2000000,-2000000,-2000000,-2000000,-2000000,-2000000,-2000000,-2000000,-2000000,-2000000,-2000000,-2000000,-2000000,-2000000,-2000000,-2000000,-2000000,-2000000,-2000000,-2000000,-2000000,-2000000,-2000000,-2000000,-2000000,127,-2000000,-2000000,-2000000,-2000000,-2000000,-2000000,-2000000,-2000000,-2000000,-2000000,-2000000,-2000000,-2000000,-2000000,-2000000,511,-2000000,-2000000,-2000000,-2000000,-2000000,-2000000,-2000000,-2000000,-2000000,-2000000,-2000000,-2000000,-2000000,3,1,0,0,0,1,0,0,2,0
rodinia-backprop-2-pipeline-back,65536,-1000000,4096,16,4096,16,16,-1000000,16,-1000000,16,-1000000,-1000000,-1000000,-1000000,-1000000,-1000000,-1000000,-1000000,-1000000,-1000000,-1000000,-1000000,-1000000,-1000000,-1000000,-1000000,-1000000,-1000000,-1000000,-1000000,-1000000,-1000000,-1000000,-1000000,-1000000,-1000000,-1000000,-1000000,-1000000,-1000000,-1000000,-1000000,-1000000,15,15,-2000000,-2000000,-2000000,-2000000,-2000000,-2000000,-2000000,-2000000,-2000000,-2000000,-2000000,-2000000,-2000000,-2000000,-2000000,-2000000,-2000000,-2000000,-2000000,-2000000,-2000000,-2000000,-2000000,-2000000,4095,-2000000,-2000000,-2000000,-2000000,-2000000,-2000000,-2000000,-2000000,-2000000,-2000000,-2000000,-2000000,-2000000,-2000000,-2000000,15,-2000000,-2000000,-2000000,-2000000,-2000000,-2000000,-2000000,-2000000,-2000000,-2000000,-2000000,-2000000,-2000000,1,1,0,0,0,2,0,0,3,2
rodinia-backprop-2-pipeline-forward,8192,16,65536,-1000000,16,-1000000,16,-1000000,-1000000,-1000000,-1000000,-1000000,-1000000,-1000000,-1000000,-1000000,-1000000,-1000000,-1000000,-1000000,-1000000,-1000000,-1000000,-1000000,-1000000,-1000000,-1000000,-1000000,-1000000,-1000000,-1000000,-1000000,-1000000,-1000000,-1000000,-1000000,-1000000,-1000000,-1000000,-1000000,-1000000,-1000000,-1000000,-1000000,7,15,-2000000,-2000000,-2000000,-2000000,-2000000,-2000000,-2000000,-2000000,-2000000,-2000000,-2000000,-2000000,-2000000,-2000000,-2000000,-2000000,-2000000,-2000000,-2000000,-2000000,-2000000,-2000000,-2000000,-2000000,8191,-2000000,-2000000,-2000000,-2000000,-2000000,-2000000,-2000000,-2000000,-2000000,-2000000,-2000000,-2000000,-2000000,-2000000,-2000000,15,-2000000,-2000000,-2000000,-2000000,-2000000,-2000000,-2000000,-2000000,-2000000,-2000000,-2000000,-2000000,-2000000,1,1,0,0,0,1,0,0,2,1
rodinia-backprop-4-doublebuffer-back,65536,-1000000,4096,16,4096,16,4096,16,4096,16,4096,16,4096,16,16,-1000000,16,-1000000,16,-1000000,-1000000,-1000000,-1000000,-1000000,-1000000,-1000000,-1000000,-1000000,-1000000,-1000000,-1000000,-1000000,-1000000,-1000000,-1000000,-1000000,-1000000,-1000000,-1000000,-1000000,-1000000,-1000000,-1000000,-1000000,4095,17,15,-2000000,-2000000,-2000000,-2000000,-2000000,-2000000,-2000000,-2000000,-2000000,-2000000,-2000000,-2000000,-2000000,-2000000,-2000000,-2000000,-2000000,-2000000,-2000000,-2000000,-2000000,-2000000,-2000000,15,-2000000,-2000000,-2000000,-2000000,-2000000,-2000000,-2000000,-2000000,-2000000,-2000000,-2000000,-2000000,-2000000,-2000000,-2000000,-2000000,-2000000,-2000000,-2000000,-2000000,-2000000,-2000000,-2000000,-2000000,-2000000,-2000000,-2000000,-2000000,-2000000,1,1,0,0,0,2,0,0,4,2
rodinia-backprop-4-doublebuffer-forward,8192,16,8192,16,65536,-1000000,16,-1000000,16,-1000000,-1000000,-1000000,-1000000,-1000000,-1000000,-1000000,-1000000,-1000000,-1000000,-1000000,-1000000,-1000000,-1000000,-1000000,-1000000,-1000000,-1000000,-1000000,-1000000,-1000000,-1000000,-1000000,-1000000,-1000000,-1000000,-1000000,-1000000,-1000000,-1000000,-1000000,-1000000,-1000000,-1000000,-1000000,8191,8,15,-2000000,-2000000,-2000000,-2000000,-2000000,-2000000,-2000000,-2000000,-2000000,-2000000,-2000000,-2000000,-2000000,-2000000,-2000000,-2000000,-2000000,-2000000,-2000000,-2000000,-2000000,-2000000,-2000000,15,-2000000,-2000000,-2000000,-2000000,-2000000,-2000000,-2000000,-2000000,-2000000,-2000000,-2000000,-2000000,-2000000,-2000000,-2000000,-2000000,-2000000,-2000000,-2000000,-2000000,-2000000,-2000000,-2000000,-2000000,-2000000,-2000000,-2000000,-2000000,-2000000,1,1,0,0,0,1,0,0,3,1
rodinia-backprop-5-coalescing-back,65536,-1000000,4096,16,4096,16,4096,16,4096,16,4096,16,4096,16,16,-1000000,16,-1000000,16,-1000000,-1000000,-1000000,-1000000,-1000000,-1000000,-1000000,-1000000,-1000000,-1000000,-1000000,-1000000,-1000000,-1000000,-1000000,-1000000,-1000000,-1000000,-1000000,-1000000,-1000000,-1000000,-1000000,-1000000,-1000000,4095,999,-2000000,-2000000,-2000000,-2000000,-2000000,-2000000,-2000000,-2000000,-2000000,-2000000,-2000000,-2000000,-2000000,-2000000,-2000000,-2000000,-2000000,-2000000,-2000000,-2000000,-2000000,-2000000,-2000000,-2000000,15,17,15,-2000000,-2000000,-2000000,-2000000,-2000000,-2000000,-2000000,-2000000,-2000000,-2000000,-2000000,-2000000,-2000000,-2000000,-2000000,-2000000,-2000000,-2000000,-2000000,-2000000,-2000000,-2000000,-2000000,-2000000,-2000000,-2000000,-2000000,7,2,0,0,0,3,0,0,7,4
rodinia-backprop-5-coalescing-forward,8192,16,8192,16,65536,-1000000,16,16,16,-1000000,-1000000,-1000000,-1000000,-1000000,-1000000,-1000000,-1000000,-1000000,-1000000,-1000000,-1000000,-1000000,-1000000,-1000000,-1000000,-1000000,-1000000,-1000000,-1000000,-1000000,-1000000,-1000000,-1000000,-1000000,-1000000,-1000000,-1000000,-1000000,-1000000,-1000000,-1000000,-1000000,-1000000,-1000000,511,-1,-2000000,-2000000,-2000000,-2000000,-2000000,-2000000,-2000000,-2000000,-2000000,-2000000,-2000000,-2000000,-2000000,-2000000,-2000000,-2000000,-2000000,-2000000,-2000000,-2000000,-2000000,-2000000,-2000000,-2000000,15,8,15,-2000000,-2000000,-2000000,-2000000,-2000000,-2000000,-2000000,-2000000,-2000000,-2000000,-2000000,-2000000,-2000000,15,-2000000,-2000000,-2000000,-2000000,-2000000,-2000000,-2000000,-2000000,-2000000,-2000000,-2000000,-2000000,-2000000,1,1,0,0,0,1,0,0,3,1
rodinia-backprop-6-multiddr,4096,16,4096,16,4096,16,4096,16,4096,16,4096,16,4096,-1000000,4096,-1000000,4096,-1000000,16,-1000000,16,-1000000,16,-1000000,-1000000,-1000000,-1000000,-1000000,-1000000,-1000000,-1000000,-1000000,-1000000,-1000000,-1000000,-1000000,-1000000,-1000000,-1000000,-1000000,-1000000,-1000000,-1000000,-1000000,4095,999,-2000000,-2000000,-2000000,-2000000,-2000000,-2000000,-2000000,-2000000,-2000000,-2000000,-2000000,-2000000,-2000000,-2000000,-2000000,-2000000,-2000000,-2000000,-2000000,-2000000,-2000000,-2000000,-2000000,-2000000,15,17,15,-2000000,-2000000,-2000000,-2000000,-2000000,-2000000,-2000000,-2000000,-2000000,-2000000,-2000000,-2000000,-2000000,-2000000,-2000000,-2000000,-2000000,-2000000,-2000000,-2000000,-2000000,-2000000,-2000000,-2000000,-2000000,-2000000,-2000000,6,2,0,0,0,3,0,0,7,4
rodinia-backprop-6-multiddr-forward,8192,16,8192,16,65536,-1000000,16,16,16,-1000000,-1000000,-1000000,-1000000,-1000000,-1000000,-1000000,-1000000,-1000000,-1000000,-1000000,-1000000,-1000000,-1000000,-1000000,-1000000,-1000000,-1000000,-1000000,-1000000,-1000000,-1000000,-1000000,-1000000,-1000000,-1000000,-1000000,-1000000,-1000000,-1000000,-1000000,-1000000,-1000000,-1000000,-1000000,511,-1,-2000000,-2000000,-2000000,-2000000,-2000000,-2000000,-2000000,-2000000,-2000000,-2000000,-2000000,-2000000,-2000000,-2000000,-2000000,-2000000,-2000000,-2000000,-2000000,-2000000,-2000000,-2000000,-2000000,-2000000,15,8,15,-2000000,-2000000,-2000000,-2000000,-2000000,-2000000,-2000000,-2000000,-2000000,-2000000,-2000000,-2000000,-2000000,15,-2000000,-2000000,-2000000,-2000000,-2000000,-2000000,-2000000,-2000000,-2000000,-2000000,-2000000,-2000000,-2000000,1,1,0,0,0,1,0,0,3,1
rodinia-hotspot-0-baseline,-1000000,-1000000,-1000000,-1000000,-1000000,-1000000,-1000000,-1000000,-1000000,-1000000,-1000000,-1000000,-1000000,-1000000,-1000000,-1000000,-1000000,-1000000,-1000000,-1000000,-1000000,-1000000,-1000000,-1000000,-1000000,-1000000,-1000000,-1000000,-1000000,-1000000,-1000000,-1000000,-1000000,-1000000,-1000000,-1000000,-1000000,-1000000,-1000000,-1000000,-1000000,-1000000,-1000000,-1000000,511,31,-2000000,-2000000,-2000000,-2000000,-2000000,-2000000,-2000000,-2000000,-2000000,-2000000,-2000000,-2000000,-2000000,-2000000,-2000000,-2000000,-2000000,-2000000,-2000000,-2000000,-2000000,-2000000,-2000000,-2000000,511,-2000000,-2000000,-2000000,-2000000,-2000000,-2000000,-2000000,-2000000,-2000000,-2000000,-2000000,-2000000,-2000000,-2000000,-2000000,-2000000,-2000000,-2000000,-2000000,-2000000,-2000000,-2000000,-2000000,-2000000,-2000000,-2000000,-2000000,-2000000,-2000000,17,15,0,21,0,17,0,0,43,1
rodinia-hotspot-1-tiling,33792,-1000000,32768,-1000000,32768,-1000000,-1000000,-1000000,-1000000,-1000000,-1000000,-1000000,-1000000,-1000000,-1000000,-1000000,-1000000,-1000000,-1000000,-1000000,-1000000,-1000000,-1000000,-1000000,-1000000,-1000000,-1000000,-1000000,-1000000,-1000000,-1000000,-1000000,-1000000,-1000000,-1000000,-1000000,-1000000,-1000000,-1000000,-1000000,-1000000,-1000000,-1000000,-1000000,63,31,-2000000,-2000000,-2000000,-2000000,-2000000,-2000000,-2000000,-2000000,-2000000,-2000000,-2000000,-2000000,-2000000,-2000000,-2000000,-2000000,-2000000,-2000000,-2000000,-2000000,-2000000,-2000000,-2000000,-2000000,511,7,7,-2000000,-2000000,-2000000,-2000000,-2000000,-2000000,-2000000,-2000000,-2000000,-2000000,-2000000,-2000000,-2000000,-2000000,-2000000,-2000000,-2000000,-2000000,-2000000,-2000000,-2000000,-2000000,-2000000,-2000000,-2000000,-2000000,-2000000,11,3,0,1,0,1,0,0,6,1
rodinia-hotspot-2-pipeline,33792,-1000000,32768,-1000000,32768,-1000000,16,65,16,-1000000,16,-1000000,16,-1000000,16,-1000000,16,-1000000,16,-1000000,-1000000,-1000000,-1000000,-1000000,-1000000,-1000000,-1000000,-1000000,-1000000,-1000000,-1000000,-1000000,-1000000,-1000000,-1000000,-1000000,-1000000,-1000000,-1000000,-1000000,-1000000,-1000000,-1000000,-1000000,64,2047,31,-2000000,-2000000,-2000000,-2000000,-2000000,-2000000,-2000000,-2000000,-2000000,-2000000,-2000000,-2000000,-2000000,-2000000,-2000000,-2000000,-2000000,-2000000,-2000000,-2000000,-2000000,-2000000,-2000000,15,15,15,7,7,-2000000,-2000000,-2000000,-2000000,-2000000,-2000000,-2000000,-2000000,-2000000,-2000000,-2000000,63,-2000000,-2000000,-2000000,-2000000,-2000000,-2000000,-2000000,-2000000,-2000000,-2000000,-2000000,-2000000,-2000000,1,0,0,0,0,0,0,0,1,1
rodinia-hotspot-3-unroll,33792,-1000000,32768,-1000000,32768,-1000000,16,65,16,-1000000,16,-1000000,16,-1000000,16,-1000000,16,-1000000,16,-1000000,-1000000,-1000000,-1000000,-1000000,-1000000,-1000000,-1000000,-1000000,-1000000,-1000000,-1000000,-1000000,-1000000,-1000000,-1000000,-1000000,-1000000,-1000000,-1000000,-1000000,-1000000,-1000000,-1000000,-1000000,64,2047,31,-2000000,-2000000,-2000000,-2000000,-2000000,-2000000,-2000000,-2000000,-2000000,-2000000,-2000000,-2000000,-2000000,-2000000,-2000000,-2000000,-2000000,-2000000,-2000000,-2000000,-2000000,-2000000,-2000000,15,15,15,7,7,-2000000,-2000000,-2000000,-2000000,-2000000,-2000000,-2000000,-2000000,-2000000,-2000000,-2000000,63,-2000000,-2000000,-2000000,-2000000,-2000000,-2000000,-2000000,-2000000,-2000000,-2000000,-2000000,-2000000,-2000000,1,0,0,0,0,0,0,0,1,1
rodinia-hotspot-4-doublebuffer,33792,-1000000,33792,-1000000,33792,-1000000,32768,-1000000,32768,-1000000,32768,-1000000,32768,-1000000,32768,-1000000,32768,-1000000,16,65,16,-1000000,16,-1000000,16,-1000000,16,-1000000,16,-1000000,16,-1000000,-1000000,-1000000,-1000000,-1000000,-1000000,-1000000,-1000000,-1000000,-1000000,-1000000,-1000000,-1000000,64,2047,31,-2000000,-2000000,-2000000,-2000000,-2000000,-2000000,-2000000,-2000000,-2000000,-2000000,-2000000,-2000000,-2000000,-2000000,-2000000,-2000000,-2000000,-2000000,-2000000,-2000000,-2000000,-2000000,-2000000,15,15,15,9,9,-2000000,-2000000,-2000000,-2000000,-2000000,-2000000,-2000000,-2000000,-2000000,-2000000,-2000000,63,-2000000,-2000000,-2000000,-2000000,-2000000,-2000000,-2000000,-2000000,-2000000,-2000000,-2000000,-2000000,-2000000,1,0,0,0,0,0,0,0,1,1
rodinia-hotspot-5-coalescing,33792,-1000000,33792,-1000000,33792,-1000000,32768,-1000000,32768,-1000000,32768,-1000000,32768,-1000000,32768,-1000000,32768,-1000000,16,65,16,-1000000,16,-1000000,16,-1000000,16,-1000000,16,-1000000,16,-1000000,-1000000,-1000000,-1000000,-1000000,-1000000,-1000000,-1000000,-1000000,-1000000,-1000000,-1000000,-1000000,64,2047,31,-2000000,-2000000,-2000000,-2000000,-2000000,-2000000,-2000000,-2000000,-2000000,-2000000,-2000000,-2000000,-2000000,-2000000,-2000000,-2000000,-2000000,-2000000,-2000000,-2000000,-2000000,-2000000,-2000000,15,15,15,9,9,-2000000,-2000000,-2000000,-2000000,-2000000,-2000000,-2000000,-2000000,-2000000,-2000000,-2000000,63,-2000000,-2000000,-2000000,-2000000,-2000000,-2000000,-2000000,-2000000,-2000000,-2000000,-2000000,-2000000,-2000000,1,0,0,0,0,0,0,0,1,1
rodinia-hotspot-6-multiddr,33792,-1000000,33792,-1000000,33792,-1000000,32768,-1000000,32768,-1000000,32768,-1000000,32768,-1000000,32768,-1000000,32768,-1000000,16,65,16,-1000000,16,-1000000,16,-1000000,16,-1000000,16,-1000000,16,-1000000,-1000000,-1000000,-1000000,-1000000,-1000000,-1000000,-1000000,-1000000,-1000000,-1000000,-1000000,-1000000,64,2047,31,-2000000,-2000000,-2000000,-2000000,-2000000,-2000000,-2000000,-2000000,-2000000,-2000000,-2000000,-2000000,-2000000,-2000000,-2000000,-2000000,-2000000,-2000000,-2000000,-2000000,-2000000,-2000000,-2000000,15,15,15,9,9,-2000000,-2000000,-2000000,-2000000,-2000000,-2000000,-2000000,-2000000,-2000000,-2000000,-2000000,63,-2000000,-2000000,-2000000,-2000000,-2000000,-2000000,-2000000,-2000000,-2000000,-2000000,-2000000,-2000000,-2000000,1,0,0,0,0,0,0,0,1,1
rodinia-kmeans-0-baseline,-1000000,-1000000,-1000000,-1000000,-1000000,-1000000,-1000000,-1000000,-1000000,-1000000,-1000000,-1000000,-1000000,-1000000,-1000000,-1000000,-1000000,-1000000,-1000000,-1000000,-1000000,-1000000,-1000000,-1000000,-1000000,-1000000,-1000000,-1000000,-1000000,-1000000,-1000000,-1000000,-1000000,-1000000,-1000000,-1000000,-1000000,-1000000,-1000000,-1000000,-1000000,-1000000,-1000000,-1000000,409599,-2000000,-2000000,-2000000,-2000000,-2000000,-2000000,-2000000,-2000000,-2000000,-2000000,-2000000,-2000000,-2000000,-2000000,-2000000,-2000000,-2000000,-2000000,-2000000,-2000000,-2000000,-2000000,-2000000,-2000000,-2000000,4,-2000000,-2000000,-2000000,-2000000,-2000000,-2000000,-2000000,-2000000,-2000000,-2000000,-2000000,-2000000,-2000000,-2000000,-2000000,33,-2000000,-2000000,-2000000,-2000000,-2000000,-2000000,-2000000,-2000000,-2000000,-2000000,-2000000,-2000000,-2000000,3,0,0,1,0,0,0,0,2,0
rodinia-kmeans-1-tiling,139264,-1000000,4096,-1000000,170,-1000000,-1000000,-1000000,-1000000,-1000000,-1000000,-1000000,-1000000,-1000000,-1000000,-1000000,-1000000,-1000000,-1000000,-1000000,-1000000,-1000000,-1000000,-1000000,-1000000,-1000000,-1000000,-1000000,-1000000,-1000000,-1000000,-1000000,-1000000,-1000000,-1000000,-1000000,-1000000,-1000000,-1000000,-1000000,-1000000,-1000000,-1000000,-1000000,4,4095,4095,4095,99,-2000000,-2000000,-2000000,-2000000,-2000000,-2000000,-2000000,-2000000,-2000000,-2000000,-2000000,-2000000,-2000000,-2000000,-2000000,-2000000,-2000000,-2000000,-2000000,-2000000,-2000000,33,33,4,-2000000,-2000000,-2000000,-2000000,-2000000,-2000000,-2000000,-2000000,-2000000,-2000000,-2000000,-2000000,-2000000,33,-2000000,-2000000,-2000000,-2000000,-2000000,-2000000,-2000000,-2000000,-2000000,-2000000,-2000000,-2000000,-2000000,3,0,0,1,0,0,0,0,2,0
rodinia-kmeans-2-pipeline,139264,-1000000,4096,-1000000,170,-1000000,-1000000,-1000000,-1000000,-1000000,-1000000,-1000000,-1000000,-1000000,-1000000,-1000000,-1000000,-1000000,-1000000,-1000000,-1000000,-1000000,-1000000,-1000000,-1000000,-1000000,-1000000,-1000000,-1000000,-1000000,-1000000,-1000000,-1000000,-1000000,-1000000,-1000000,-1000000,-1000000,-1000000,-1000000,-1000000,-1000000,-1000000,-1000000,4,4095,4095,4095,99,-2000000,-2000000,-2000000,-2000000,-2000000,-2000000,-2000000,-2000000,-2000000,-2000000,-2000000,-2000000,-2000000,-2000000,-2000000,-2000000,-2000000,-2000000,-2000000,-2000000,-2000000,33,33,4,-2000000,-2000000,-2000000,-2000000,-2000000,-2000000,-2000000,-2000000,-2000000,-2000000,-2000000,-2000000,-2000000,33,-2000000,-2000000,-2000000,-2000000,-2000000,-2000000,-2000000,-2000000,-2000000,-2000000,-2000000,-2000000,-2000000,3,0,0,1,0,0,0,0,2,0
rodinia-kmeans-3-unroll,139264,-1000000,4096,-1000000,170,-1000000,-1000000,-1000000,-1000000,-1000000,-1000000,-1000000,-1000000,-1000000,-1000000,-1000000,-1000000,-1000000,-1000000,-1000000,-1000000,-1000000,-1000000,-1000000,-1000000,-1000000,-1000000,-1000000,-1000000,-1000000,-1000000,-1000000,-1000000,-1000000,-1000000,-1000000,-1000000,-1000000,-1000000,-1000000,-1000000,-1000000,-1000000,-1000000,4,4095,4095,4095,99,-2000000,-2000000,-2000000,-2000000,-2000000,-2000000,-2000000,-2000000,-2000000,-2000000,-2000000,-2000000,-2000000,-2000000,-2000000,-2000000,-2000000,-2000000,-2000000,-2000000,-2000000,33,33,4,-2000000,-2000000,-2000000,-2000000,-2000000,-2000000,-2000000,-2000000,-2000000,-2000000,-2000000,-2000000,-2000000,33,-2000000,-2000000,-2000000,-2000000,-2000000,-2000000,-2000000,-2000000,-2000000,-2000000,-2000000,-2000000,-2000000,3,0,0,1,0,0,0,0,2,0
rodinia-kmeans-4-doublebuffer,139264,-1000000,139264,-1000000,139264,-1000000,4096,-1000000,4096,-1000000,4096,-1000000,170,-1000000,-1000000,-1000000,-1000000,-1000000,-1000000,-1000000,-1000000,-1000000,-1000000,-1000000,-1000000,-1000000,-1000000,-1000000,-1000000,-1000000,-1000000,-1000000,-1000000,-1000000,-1000000,-1000000,-1000000,-1000000,-1000000,-1000000,-1000000,-1000000,-1000000,-1000000,4,4095,4095,4095,101,-2000000,-2000000,-2000000,-2000000,-2000000,-2000000,-2000000,-2000000,-2000000,-2000000,-2000000,-2000000,-2000000,-2000000,-2000000,-2000000,-2000000,-2000000,-2000000,-2000000,-2000000,33,33,4,-2000000,-2000000,-2000000,-2000000,-2000000,-2000000,-2000000,-2000000,-2000000,-2000000,-2000000,-2000000,-2000000,33,-2000000,-2000000,-2000000,-2000000,-2000000,-2000000,-2000000,-2000000,-2000000,-2000000,-2000000,-2000000,-2000000,3,0,0,1,0,0,0,0,2,0
rodinia-kmeans-5-coalescing,139264,-1000000,139264,-1000000,139264,-1000000,4096,-1000000,4096,-1000000,4096,-1000000,170,-1000000,-1000000,-1000000,-1000000,-1000000,-1000000,-1000000,-1000000,-1000000,-1000000,-1000000,-1000000,-1000000,-1000000,-1000000,-1000000,-1000000,-1000000,-1000000,-1000000,-1000000,-1000000,-1000000,-1000000,-1000000,-1000000,-1000000,-1000000,-1000000,-1000000,-1000000,9,8703,4095,255,101,-2000000,-2000000,-2000000,-2000000,-2000000,-2000000,-2000000,-2000000,-2000000,-2000000,-2000000,-2000000,-2000000,-2000000,-2000000,-2000000,-2000000,-2000000,-2000000,-2000000,-2000000,4,-2000000,-2000000,-2000000,-2000000,-2000000,-2000000,-2000000,-2000000,-2000000,-2000000,-2000000,-2000000,-2000000,-2000000,-2000000,33,-2000000,-2000000,-2000000,-2000000,-2000000,-2000000,-2000000,-2000000,-2000000,-2000000,-2000000,-2000000,-2000000,3,0,0,1,0,0,0,0,2,0
rodinia-kmeans-6-multiddr,139264,-1000000,139264,-1000000,139264,-1000000,4096,-1000000,4096,-1000000,4096,-1000000,170,-1000000,-1000000,-1000000,-1000000,-1000000,-1000000,-1000000,-1000000,-1000000,-1000000,-1000000,-1000000,-1000000,-1000000,-1000000,-1000000,-1000000,-1000000,-1000000,-1000000,-1000000,-1000000,-1000000,-1000000,-1000000,-1000000,-1000000,-1000000,-1000000,-1000000,-1000000,9,8703,4095,255,101,-2000000,-2000000,-2000000,-2000000,-2000000,-2000000,-2000000,-2000000,-2000000,-2000000,-2000000,-2000000,-2000000,-2000000,-2000000,-2000000,-2000000,-2000000,-2000000,-2000000,-2000000,4,-2000000,-2000000,-2000000,-2000000,-2000000,-2000000,-2000000,-2000000,-2000000,-2000000,-2000000,-2000000,-2000000,-2000000,-2000000,33,-2000000,-2000000,-2000000,-2000000,-2000000,-2000000,-2000000,-2000000,-2000000,-2000000,-2000000,-2000000,-2000000,3,0,0,1,0,0,0,0,2,0
rodinia-knn-0-baseline,-1000000,-1000000,-1000000,-1000000,-1000000,-1000000,-1000000,-1000000,-1000000,-1000000,-1000000,-1000000,-1000000,-1000000,-1000000,-1000000,-1000000,-1000000,-1000000,-1000000,-1000000,-1000000,-1000000,-1000000,-1000000,-1000000,-1000000,-1000000,-1000000,-1000000,-1000000,-1000000,-1000000,-1000000,-1000000,-1000000,-1000000,-1000000,-1000000,-1000000,-1000000,-1000000,-1000000,-1000000,1048575,-2000000,-2000000,-2000000,-2000000,-2000000,-2000000,-2000000,-2000000,-2000000,-2000000,-2000000,-2000000,-2000000,-2000000,-2000000,-2000000,-2000000,-2000000,-2000000,-2000000,-2000000,-2000000,-2000000,-2000000,-2000000,1,-2000000,-2000000,-2000000,-2000000,-2000000,-2000000,-2000000,-2000000,-2000000,-2000000,-2000000,-2000000,-2000000,-2000000,-2000000,-2000000,-2000000,-2000000,-2000000,-2000000,-2000000,-2000000,-2000000,-2000000,-2000000,-2000000,-2000000,-2000000,-2000000,2,0,0,1,0,0,0,0,2,0
rodinia-knn-1-tiling,1024,-1000000,512,-1000000,2,-1000000,-1000000,-1000000,-1000000,-1000000,-1000000,-1000000,-1000000,-1000000,-1000000,-1000000,-1000000,-1000000,-1000000,-1000000,-1000000,-1000000,-1000000,-1000000,-1000000,-1000000,-1000000,-1000000,-1000000,-1000000,-1000000,-1000000,-1000000,-1000000,-1000000,-1000000,-1000000,-1000000,-1000000,-1000000,-1000000,-1000000,-1000000,-1000000,1023,511,511,2047,-2000000,-2000000,-2000000,-2000000,-2000000,-2000000,-2000000,-2000000,-2000000,-2000000,-2000000,-2000000,-2000000,-2000000,-2000000,-2000000,-2000000,-2000000,-2000000,-2000000,-2000000,-2000000,1,-2000000,-2000000,-2000000,-2000000,-2000000,-2000000,-2000000,-2000000,-2000000,-2000000,-2000000,-2000000,-2000000,-2000000,-2000000,-2000000,-2000000,-2000000,-2000000,-2000000,-2000000,-2000000,-2000000,-2000000,-2000000,-2000000,-2000000,-2000000,-2000000,2,0,0,1,0,0,0,0,2,0
rodinia-knn-2-pipeline,1024,-1000000,512,-1000000,2,-1000000,-1000000,-1000000,-1000000,-1000000,-1000000,-1000000,-1000000,-1000000,-1000000,-1000000,-1000000,-1000000,-1000000,-1000000,-1000000,-1000000,-1000000,-1000000,-1000000,-1000000,-1000000,-1000000,-1000000,-1000000,-1000000,-1000000,-1000000,-1000000,-1000000,-1000000,-1000000,-1000000,-1000000,-1000000,-1000000,-1000000,-1000000,-1000000,1023,511,511,2047,-2000000,-2000000,-2000000,-2000000,-2000000,-2000000,-2000000,-2000000,-2000000,-2000000,-2000000,-2000000,-2000000,-2000000,-2000000,-2000000,-2000000,-2000000,-2000000,-2000000,-2000000,-2000000,1,-2000000,-2000000,-2000000,-2000000,-2000000,-2000000,-2000000,-2000000,-2000000,-2000000,-2000000,-2000000,-2000000,-2000000,-2000000,-2000000,-2000000,-2000000,-2000000,-2000000,-2000000,-2000000,-2000000,-2000000,-2000000,-2000000,-2000000,-2000000,-2000000,2,0,0,1,0,0,0,0,2,0
rodinia-knn-3-unroll,1024,-1000000,512,-1000000,2,-1000000,-1000000,-1000000,-1000000,-1000000,-1000000,-1000000,-1000000,-1000000,-1000000,-1000000,-1000000,-1000000,-1000000,-1000000,-1000000,-1000000,-1000000,-1000000,-1000000,-1000000,-1000000,-1000000,-1000000,-1000000,-1000000,-1000000,-1000000,-1000000,-1000000,-1000000,-1000000,-1000000,-1000000,-1000000,-1000000,-1000000,-1000000,-1000000,1023,255,511,2047,-2000000,-2000000,-2000000,-2000000,-2000000,-2000000,-2000000,-2000000,-2000000,-2000000,-2000000,-2000000,-2000000,-2000000,-2000000,-2000000,-2000000,-2000000,-2000000,-2000000,-2000000,-2000000,1,-2000000,-2000000,-2000000,-2000000,-2000000,-2000000,-2000000,-2000000,-2000000,-2000000,-2000000,-2000000,-2000000,-2000000,-2000000,1,-2000000,-2000000,-2000000,-2000000,-2000000,-2000000,-2000000,-2000000,-2000000,-2000000,-2000000,-2000000,-2000000,2,0,0,1,0,0,0,0,2,0
rodinia-knn-4-doublebuffer,1024,-1000000,1024,-1000000,512,-1000000,512,-1000000,2,-1000000,-1000000,-1000000,-1000000,-1000000,-1000000,-1000000,-1000000,-1000000,-1000000,-1000000,-1000000,-1000000,-1000000,-1000000,-1000000,-1000000,-1000000,-1000000,-1000000,-1000000,-1000000,-1000000,-1000000,-1000000,-1000000,-1000000,-1000000,-1000000,-1000000,-1000000,-1000000,-1000000,-1000000,-1000000,1023,255,511,2049,-2000000,-2000000,-2000000,-2000000,-2000000,-2000000,-2000000,-2000000,-2000000,-2000000,-2000000,-2000000,-2000000,-2000000,-2000000,-2000000,-2000000,-2000000,-2000000,-2000000,-2000000,-2000000,1,-2000000,-2000000,-2000000,-2000000,-2000000,-2000000,-2000000,-2000000,-2000000,-2000000,-2000000,-2000000,-2000000,-2000000,-2000000,1,-2000000,-2000000,-2000000,-2000000,-2000000,-2000000,-2000000,-2000000,-2000000,-2000000,-2000000,-2000000,-2000000,2,0,0,1,0,0,0,0,2,0
rodinia-knn-5-coalescing,64,-1000000,64,-1000000,32,-1000000,32,-1000000,2,-1000000,-1000000,-1000000,-1000000,-1000000,-1000000,-1000000,-1000000,-1000000,-1000000,-1000000,-1000000,-1000000,-1000000,-1000000,-1000000,-1000000,-1000000,-1000000,-1000000,-1000000,-1000000,-1000000,-1000000,-1000000,-1000000,-1000000,-1000000,-1000000,-1000000,-1000000,-1000000,-1000000,-1000000,-1000000,63,31,31,2049,-2000000,-2000000,-2000000,-2000000,-2000000,-2000000,-2000000,-2000000,-2000000,-2000000,-2000000,-2000000,-2000000,-2000000,-2000000,-2000000,-2000000,-2000000,-2000000,-2000000,-2000000,-2000000,1,-2000000,-2000000,-2000000,-2000000,-2000000,-2000000,-2000000,-2000000,-2000000,-2000000,-2000000,-2000000,-2000000,-2000000,-2000000,7,-2000000,-2000000,-2000000,-2000000,-2000000,-2000000,1,-2000000,-2000000,-2000000,-2000000,-2000000,-2000000,2,0,0,1,0,0,0,0,2,3
rodinia_cfd_flux_0_baseline_0,5,-1000000,-1000000,-1000000,-1000000,-1000000,-1000000,-1000000,-1000000,-1000000,-1000000,-1000000,-1000000,-1000000,-1000000,-1000000,-1000000,-1000000,-1000000,-1000000,-1000000,-1000000,-1000000,-1000000,-1000000,-1000000,-1000000,-1000000,-1000000,-1000000,-1000000,-1000000,-1000000,-1000000,-1000000,-1000000,-1000000,-1000000,-1000000,-1000000,-1000000,-1000000,-1000000,-1000000,1023,-2000000,-2000000,-2000000,-2000000,-2000000,-2000000,-2000000,-2000000,-2000000,-2000000,-2000000,-2000000,-2000000,-2000000,-2000000,-2000000,-2000000,-2000000,-2000000,-2000000,-2000000,-2000000,-2000000,-2000000,-2000000,3,-2000000,-2000000,-2000000,-2000000,-2000000,-2000000,-2000000,-2000000,-2000000,-2000000,-2000000,-2000000,-2000000,-2000000,-2000000,-2000000,-2000000,-2000000,-2000000,-2000000,-2000000,-2000000,-2000000,-2000000,-2000000,-2000000,-2000000,-2000000,-2000000,10,18,0,5,3,14,0,4,21,0
rodinia_cfd_flux_1_tiling_0,5120,-1000000,3072,-1000000,3072,-1000000,3072,-1000000,3072,-1000000,384,-1000000,160,-1000000,128,-1000000,5,-1000000,-1000000,-1000000,-1000000,-1000000,-1000000,-1000000,-1000000,-1000000,-1000000,-1000000,-1000000,-1000000,-1000000,-1000000,-1000000,-1000000,-1000000,-1000000,-1000000,-1000000,-1000000,-1000000,-1000000,-1000000,-1000000,-1000000,31,-2000000,-2000000,-2000000,-2000000,-2000000,-2000000,-2000000,-2000000,-2000000,-2000000,-2000000,-2000000,-2000000,-2000000,-2000000,-2000000,-2000000,-2000000,-2000000,-2000000,-2000000,-2000000,-2000000,-2000000,-2000000,3,-2000000,-2000000,-2000000,-2000000,-2000000,-2000000,-2000000,-2000000,-2000000,-2000000,-2000000,-2000000,-2000000,-2000000,-2000000,-2000000,-2000000,-2000000,-2000000,-2000000,-2000000,-2000000,-2000000,-2000000,-2000000,-2000000,-2000000,-2000000,-2000000,10,18,0,5,3,14,0,4,21,0
rodinia_cfd_flux_2_pipeline_0,5120,-1000000,3072,-1000000,3072,-1000000,3072,-1000000,3072,-1000000,384,-1000000,160,-1000000,128,-1000000,5,-1000000,-1000000,-1000000,-1000000,-1000000,-1000000,-1000000,-1000000,-1000000,-1000000,-1000000,-1000000,-1000000,-1000000,-1000000,-1000000,-1000000,-1000000,-1000000,-1000000,-1000000,-1000000,-1000000,-1000000,-1000000,-1000000,-1000000,31,-2000000,-2000000,-2000000,-2000000,-2000000,-2000000,-2000000,-2000000,-2000000,-2000000,-2000000,-2000000,-2000000,-2000000,-2000000,-2000000,-2000000,-2000000,-2000000,-2000000,-2000000,-2000000,-2000000,-2000000,-2000000,3,-2000000,-2000000,-2000000,-2000000,-2000000,-2000000,-2000000,-2000000,-2000000,-2000000,-2000000,-2000000,-2000000,-2000000,-2000000,-2000000,-2000000,-2000000,-2000000,-2000000,-2000000,-2000000,-2000000,-2000000,-2000000,-2000000,-2000000,-2000000,-2000000,10,18,0,5,3,14,0,4,21,0
rodinia_cfd_flux_3_unroll_0,5120,-1000000,3072,-1000000,3072,-1000000,3072,-1000000,3072,-1000000,384,-1000000,160,-1000000,128,-1000000,5,-1000000,-1000000,-1000000,-1000000,-1000000,-1000000,-1000000,-1000000,-1000000,-1000000,-1000000,-1000000,-1000000,-1000000,-1000000,-1000000,-1000000,-1000000,-1000000,-1000000,-1000000,-1000000,-1000000,-1000000,-1000000,-1000000,-1000000,1,-2000000,-2000000,-2000000,-2000000,-2000000,-2000000,-2000000,-2000000,-2000000,-2000000,-2000000,-2000000,-2000000,-2000000,-2000000,-2000000,-2000000,-2000000,-2000000,-2000000,-2000000,-2000000,-2000000,-2000000,-2000000,15,-2000000,-2000000,-2000000,-2000000,-2000000,-2000000,-2000000,-2000000,-2000000,-2000000,-2000000,-2000000,-2000000,-2000000,-2000000,3,-2000000,-2000000,-2000000,-2000000,-2000000,-2000000,-2000000,-2000000,-2000000,-2000000,-2000000,-2000000,-2000000,10,18,0,5,3,14,0,4,21,0
rodinia_cfd_step_factor_0_baseline_0,-1000000,-1000000,-1000000,-1000000,-1000000,-1000000,-1000000,-1000000,-1000000,-1000000,-1000000,-1000000,-1000000,-1000000,-1000000,-1000000,-1000000,-1000000,-1000000,-1000000,-1000000,-1000000,-1000000,-1000000,-1000000,-1000000,-1000000,-1000000,-1000000,-1000000,-1000000,-1000000,-1000000,-1000000,-1000000,-1000000,-1000000,-1000000,-1000000,-1000000,-1000000,-1000000,-1000000,-1000000,1023,-2000000,-2000000,-2000000,-2000000,-2000000,-2000000,-2000000,-2000000,-2000000,-2000000,-2000000,-2000000,-2000000,-2000000,-2000000,-2000000,-2000000,-2000000,-2000000,-2000000,-2000000,-2000000,-2000000,-2000000,-2000000,-2000000,-2000000,-2000000,-2000000,-2000000,-2000000,-2000000,-2000000,-2000000,-2000000,-2000000,-2000000,-2000000,-2000000,-2000000,-2000000,-2000000,-2000000,-2000000,-2000000,-2000000,-2000000,-2000000,-2000000,-2000000,-2000000,-2000000,-2000000,-2000000,-2000000,5,1,0,0,1,5,0,5,6,1
rodinia_cfd_step_factor_1_tiling_0,5120,-1000000,1024,-1000000,1024,-1000000,-1000000,-1000000,-1000000,-1000000,-1000000,-1000000,-1000000,-1000000,-1000000,-1000000,-1000000,-1000000,-1000000,-1000000,-1000000,-1000000,-1000000,-1000000,-1000000,-1000000,-1000000,-1000000,-1000000,-1000000,-1000000,-1000000,-1000000,-1000000,-1000000,-1000000,-1000000,-1000000,-1000000,-1000000,-1000000,-1000000,-1000000,-1000000,1023,-2000000,-2000000,-2000000,-2000000,-2000000,-2000000,-2000000,-2000000,-2000000,-2000000,-2000000,-2000000,-2000000,-2000000,-2000000,-2000000,-2000000,-2000000,-2000000,-2000000,-2000000,-2000000,-2000000,-2000000,-2000000,-2000000,-2000000,-2000000,-2000000,-2000000,-2000000,-2000000,-2000000,-2000000,-2000000,-2000000,-2000000,-2000000,-2000000,-2000000,-2000000,-2000000,-2000000,-2000000,-2000000,-2000000,-2000000,-2000000,-2000000,-2000000,-2000000,-2000000,-2000000,-2000000,-2000000,5,1,0,0,1,5,0,5,6,1
rodinia_cfd_step_factor_2_pipeline_0,5120,-1000000,1024,-1000000,1024,-1000000,1,-1000000,1,-1000000,1,-1000000,-1000000,-1000000,-1000000,-1000000,-1000000,-1000000,-1000000,-1000000,-1000000,-1000000,-1000000,-1000000,-1000000,-1000000,-1000000,-1000000,-1000000,-1000000,-1000000,-1000000,-1000000,-1000000,-1000000,-1000000,-1000000,-1000000,-1000000,-1000000,-1000000,-1000000,-1000000,-1000000,1023,-2000000,-2000000,-2000000,-2000000,-2000000,-2000000,-2000000,-2000000,-2000000,-2000000,-2000000,-2000000,-2000000,-2000000,-2000000,-2000000,-2000000,-2000000,-2000000,-2000000,-2000000,-2000000,-2000000,-2000000,-2000000,-2000000,-2000000,-2000000,-2000000,-2000000,-2000000,-2000000,-2000000,-2000000,-2000000,-2000000,-2000000,-2000000,-2000000,-2000000,-2000000,-2000000,-2000000,-2000000,-2000000,-2000000,-2000000,-2000000,-2000000,-2000000,-2000000,-2000000,-2000000,-2000000,-2000000,5,1,0,0,1,5,0,5,6,1
rodinia_cfd_step_factor_3_unroll_0,5120,-1000000,1024,-1000000,1024,-1000000,16,-1000000,16,-1000000,16,-1000000,-1000000,-1000000,-1000000,-1000000,-1000000,-1000000,-1000000,-1000000,-1000000,-1000000,-1000000,-1000000,-1000000,-1000000,-1000000,-1000000,-1000000,-1000000,-1000000,-1000000,-1000000,-1000000,-1000000,-1000000,-1000000,-1000000,-1000000,-1000000,-1000000,-1000000,-1000000,-1000000,63,-2000000,-2000000,-2000000,-2000000,-2000000,-2000000,-2000000,-2000000,-2000000,-2000000,-2000000,-2000000,-2000000,-2000000,-2000000,-2000000,-2000000,-2000000,-2000000,-2000000,-2000000,-2000000,-2000000,-2000000,-2000000,15,-2000000,-2000000,-2000000,-2000000,-2000000,-2000000,-2000000,-2000000,-2000000,-2000000,-2000000,-2000000,-2000000,-2000000,-2000000,-2000000,-2000000,-2000000,-2000000,-2000000,-2000000,-2000000,-2000000,-2000000,-2000000,-2000000,-2000000,-2000000,-2000000,2,1,0,0,0,5,0,5,6,1
rodinia_cfd_step_factor_4_doublebuffer_0,5120,-1000000,5120,-1000000,5120,-1000000,5120,-1000000,1024,-1000000,1024,-1000000,1024,-1000000,1024,-1000000,1024,-1000000,1024,-1000000,1024,-1000000,1024,-1000000,16,-1000000,16,-1000000,16,-1000000,-1000000,-1000000,-1000000,-1000000,-1000000,-1000000,-1000000,-1000000,-1000000,-1000000,-1000000,-1000000,-1000000,-1000000,63,3,-2000000,-2000000,-2000000,-2000000,-2000000,-2000000,-2000000,-2000000,-2000000,-2000000,-2000000,-2000000,-2000000,-2000000,-2000000,-2000000,-2000000,-2000000,-2000000,-2000000,-2000000,-2000000,-2000000,-2000000,15,-2000000,-2000000,-2000000,-2000000,-2000000,-2000000,-2000000,-2000000,-2000000,-2000000,-2000000,-2000000,-2000000,-2000000,-2000000,-2000000,-2000000,-2000000,-2000000,-2000000,-2000000,-2000000,-2000000,-2000000,-2000000,-2000000,-2000000,-2000000,-2000000,2,1,0,0,0,5,0,5,6,1
rodinia_cfd_step_factor_5_coalescing_0,5120,-1000000,5120,-1000000,5120,-1000000,5120,-1000000,1024,-1000000,1024,-1000000,1024,-1000000,1024,-1000000,1024,-1000000,1024,-1000000,1024,-1000000,1024,-1000000,16,-1000000,16,-1000000,16,-1000000,-1000000,-1000000,-1000000,-1000000,-1000000,-1000000,-1000000,-1000000,-1000000,-1000000,-1000000,-1000000,-1000000,-1000000,63,3,-2000000,-2000000,-2000000,-2000000,-2000000,-2000000,-2000000,-2000000,-2000000,-2000000,-2000000,-2000000,-2000000,-2000000,-2000000,-2000000,-2000000,-2000000,-2000000,-2000000,-2000000,-2000000,-2000000,-2000000,15,-2000000,-2000000,-2000000,-2000000,-2000000,-2000000,-2000000,-2000000,-2000000,-2000000,-2000000,-2000000,-2000000,-2000000,-2000000,-2000000,-2000000,-2000000,-2000000,-2000000,-2000000,-2000000,-2000000,-2000000,-2000000,-2000000,-2000000,-2000000,-2000000,2,1,0,0,0,5,0,5,6,1
rodinia_dilate_0_baseline_0,25,-1000000,-1000000,-1000000,-1000000,-1000000,-1000000,-1000000,-1000000,-1000000,-1000000,-1000000,-1000000,-1000000,-1000000,-1000000,-1000000,-1000000,-1000000,-1000000,-1000000,-1000000,-1000000,-1000000,-1000000,-1000000,-1000000,-1000000,-1000000,-1000000,-1000000,-1000000,-1000000,-1000000,-1000000,-1000000,-1000000,-1000000,-1000000,-1000000,-1000000,-1000000,-1000000,-1000000,543,-2000000,-2000000,-2000000,-2000000,-2000000,-2000000,-2000000,-2000000,-2000000,-2000000,-2000000,-2000000,-2000000,-2000000,-2000000,-2000000,-2000000,-2000000,-2000000,-2000000,-2000000,-2000000,-2000000,-2000000,-2000000,511,-2000000,-2000000,-2000000,-2000000,-2000000,-2000000,-2000000,-2000000,-2000000,-2000000,-2000000,-2000000,-2000000,-2000000,-2000000,4,-2000000,-2000000,-2000000,-2000000,-2000000,-2000000,4,-2000000,-2000000,-2000000,-2000000,-2000000,-2000000,4,0,0,0,0,0,0,0,1,0
rodinia_dilate_1_tiling_0,18432,-1000000,16384,-1000000,25,-1000000,-1000000,-1000000,-1000000,-1000000,-1000000,-1000000,-1000000,-1000000,-1000000,-1000000,-1000000,-1000000,-1000000,-1000000,-1000000,-1000000,-1000000,-1000000,-1000000,-1000000,-1000000,-1000000,-1000000,-1000000,-1000000,-1000000,-1000000,-1000000,-1000000,-1000000,-1000000,-1000000,-1000000,-1000000,-1000000,-1000000,-1000000,-1000000,31,35,31,16,-2000000,-2000000,-2000000,-2000000,-2000000,-2000000,-2000000,-2000000,-2000000,-2000000,-2000000,-2000000,-2000000,-2000000,-2000000,-2000000,-2000000,-2000000,-2000000,-2000000,-2000000,-2000000,511,511,511,-2000000,-2000000,-2000000,-2000000,-2000000,-2000000,-2000000,-2000000,-2000000,-2000000,-2000000,-2000000,-2000000,4,-2000000,-2000000,-2000000,-2000000,-2000000,-2000000,4,-2000000,-2000000,-2000000,-2000000,-2000000,-2000000,4,0,0,0,0,0,0,0,1,0
rodinia_dilate_2_pipeline_0,18432,-1000000,16384,-1000000,2084,-1000000,25,-1000000,25,-1000000,-1000000,-1000000,-1000000,-1000000,-1000000,-1000000,-1000000,-1000000,-1000000,-1000000,-1000000,-1000000,-1000000,-1000000,-1000000,-1000000,-1000000,-1000000,-1000000,-1000000,-1000000,-1000000,-1000000,-1000000,-1000000,-1000000,-1000000,-1000000,-1000000,-1000000,-1000000,-1000000,-1000000,-1000000,4,511,35,31,16,-2000000,-2000000,-2000000,-2000000,-2000000,-2000000,-2000000,-2000000,-2000000,-2000000,-2000000,-2000000,-2000000,-2000000,-2000000,-2000000,-2000000,-2000000,-2000000,-2000000,-2000000,4,31,31,511,511,-2000000,-2000000,-2000000,-2000000,-2000000,-2000000,-2000000,-2000000,-2000000,-2000000,-2000000,4,-2000000,-2000000,-2000000,-2000000,-2000000,-2000000,4,-2000000,-2000000,-2000000,-2000000,-2000000,-2000000,8,0,0,0,0,0,0,0,1,1
rodinia_dilate_3_pipeline_0,18432,-1000000,16384,-1000000,4752,-1000000,4224,-1000000,540,-1000000,25,-1000000,25,-1000000,-1000000,-1000000,-1000000,-1000000,-1000000,-1000000,-1000000,-1000000,-1000000,-1000000,-1000000,-1000000,-1000000,-1000000,-1000000,-1000000,-1000000,-1000000,-1000000,-1000000,-1000000,-1000000,-1000000,-1000000,-1000000,-1000000,-1000000,-1000000,-1000000,-1000000,4,527,35,31,16,-2000000,-2000000,-2000000,-2000000,-2000000,-2000000,-2000000,-2000000,-2000000,-2000000,-2000000,-2000000,-2000000,-2000000,-2000000,-2000000,-2000000,-2000000,-2000000,-2000000,-2000000,4,7,7,511,511,3,-2000000,-2000000,-2000000,-2000000,-2000000,-2000000,-2000000,-2000000,-2000000,-2000000,4,35,35,35,35,35,31,4,-2000000,-2000000,-2000000,-2000000,-2000000,-2000000,3,0,0,0,0,0,0,0,1,1
rodinia_lavaMD_0_baseline,27,3,4,-1000000,-1000000,-1000000,-1000000,-1000000,-1000000,-1000000,-1000000,-1000000,-1000000,-1000000,-1000000,-1000000,-1000000,-1000000,-1000000,-1000000,-1000000,-1000000,-1000000,-1000000,-1000000,-1000000,-1000000,-1000000,-1000000,-1000000,-1000000,-1000000,-1000000,-1000000,-1000000,-1000000,-1000000,-1000000,-1000000,-1000000,-1000000,-1000000,-1000000,-1000000,7,-2000000,-2000000,-2000000,-2000000,-2000000,-2000000,-2000000,-2000000,-2000000,-2000000,-2000000,-2000000,-2000000,-2000000,-2000000,-2000000,-2000000,-2000000,-2000000,-2000000,-2000000,-2000000,-2000000,-2000000,-2000000,26,-2000000,-2000000,-2000000,-2000000,-2000000,-2000000,-2000000,-2000000,-2000000,-2000000,-2000000,-2000000,-2000000,-2000000,-2000000,99,-2000000,-2000000,-2000000,-2000000,-2000000,-2000000,99,-2000000,-2000000,-2000000,-2000000,-2000000,-2000000,2,2,0,4,0,9,0,0,16,4
rodinia_lavaMD_1_tiling_0,100,4,100,4,100,4,100,-1000000,27,3,4,-1000000,-1000000,-1000000,-1000000,-1000000,-1000000,-1000000,-1000000,-1000000,-1000000,-1000000,-1000000,-1000000,-1000000,-1000000,-1000000,-1000000,-1000000,-1000000,-1000000,-1000000,-1000000,-1000000,-1000000,-1000000,-1000000,-1000000,-1000000,-1000000,-1000000,-1000000,-1000000,-1000000,7,-2000000,-2000000,-2000000,-2000000,-2000000,-2000000,-2000000,-2000000,-2000000,-2000000,-2000000,-2000000,-2000000,-2000000,-2000000,-2000000,-2000000,-2000000,-2000000,-2000000,-2000000,-2000000,-2000000,-2000000,-2000000,99,26,99,-2000000,-2000000,-2000000,-2000000,-2000000,-2000000,-2000000,-2000000,-2000000,-2000000,-2000000,-2000000,-2000000,99,99,99,-2000000,-2000000,-2000000,-2000000,99,-2000000,-2000000,-2000000,-2000000,-2000000,-2000000,1,2,0,4,0,9,0,0,5,0
rodinia_lavaMD_1_tiling_1,400,-1000000,400,-1000000,400,-1000000,100,-1000000,27,3,4,-1000000,-1000000,-1000000,-1000000,-1000000,-1000000,-1000000,-1000000,-1000000,-1000000,-1000000,-1000000,-1000000,-1000000,-1000000,-1000000,-1000000,-1000000,-1000000,-1000000,-1000000,-1000000,-1000000,-1000000,-1000000,-1000000,-1000000,-1000000,-1000000,-1000000,-1000000,-1000000,-1000000,7,-2000000,-2000000,-2000000,-2000000,-2000000,-2000000,-2000000,-2000000,-2000000,-2000000,-2000000,-2000000,-2000000,-2000000,-2000000,-2000000,-2000000,-2000000,-2000000,-2000000,-2000000,-2000000,-2000000,-2000000,-2000000,99,26,99,-2000000,-2000000,-2000000,-2000000,-2000000,-2000000,-2000000,-2000000,-2000000,-2000000,-2000000,-2000000,-2000000,99,99,99,-2000000,-2000000,-2000000,-2000000,99,-2000000,-2000000,-2000000,-2000000,-2000000,-2000000,1,2,0,4,0,9,0,0,5,0
rodinia_lavaMD_2_pipeline_0,100,4,100,4,100,4,100,-1000000,27,3,4,-1000000,-1000000,-1000000,-1000000,-1000000,-1000000,-1000000,-1000000,-1000000,-1000000,-1000000,-1000000,-1000000,-1000000,-1000000,-1000000,-1000000,-1000000,-1000000,-1000000,-1000000,-1000000,-1000000,-1000000,-1000000,-1000000,-1000000,-1000000,-1000000,-1000000,-1000000,-1000000,-1000000,7,-2000000,-2000000,-2000000,-2000000,-2000000,-2000000,-2000000,-2000000,-2000000,-2000000,-2000000,-2000000,-2000000,-2000000,-2000000,-2000000,-2000000,-2000000,-2000000,-2000000,-2000000,-2000000,-2000000,-2000000,-2000000,99,26,99,-2000000,-2000000,-2000000,-2000000,-2000000,-2000000,-2000000,-2000000,-2000000,-2000000,-2000000,-2000000,-2000000,99,99,99,-2000000,-2000000,-2000000,-2000000,99,-2000000,-2000000,-2000000,-2000000,-2000000,-2000000,1,2,0,4,0,9,0,0,5,0
rodinia_lavaMD_3_unroll_0,100,4,100,4,100,4,100,-1000000,27,3,20,4,20,-1000000,20,-1000000,20,-1000000,20,-1000000,20,-1000000,20,-1000000,20,-1000000,-1000000,-1000000,-1000000,-1000000,-1000000,-1000000,-1000000,-1000000,-1000000,-1000000,-1000000,-1000000,-1000000,-1000000,-1000000,-1000000,-1000000,-1000000,7,-2000000,-2000000,-2000000,-2000000,-2000000,-2000000,-2000000,-2000000,-2000000,-2000000,-2000000,-2000000,-2000000,-2000000,-2000000,-2000000,-2000000,-2000000,-2000000,-2000000,-2000000,-2000000,-2000000,-2000000,-2000000,99,26,99,-2000000,-2000000,-2000000,-2000000,-2000000,-2000000,-2000000,-2000000,-2000000,-2000000,-2000000,-2000000,-2000000,99,99,99,-2000000,-2000000,-2000000,-2000000,4,-2000000,-2000000,-2000000,-2000000,19,-2000000,2,2,0,4,0,9,0,0,8,4
rodinia_lc_gicov_0_baseline_0,2,16,2,16,16,-1000000,16,-1000000,16,-1000000,-1000000,-1000000,-1000000,-1000000,-1000000,-1000000,-1000000,-1000000,-1000000,-1000000,-1000000,-1000000,-1000000,-1000000,-1000000,-1000000,-1000000,-1000000,-1000000,-1000000,-1000000,-1000000,-1000000,-1000000,-1000000,-1000000,-1000000,-1000000,-1000000,-1000000,-1000000,-1000000,-1000000,-1000000,249,-2000000,-2000000,-2000000,-2000000,-2000000,-2000000,-2000000,-2000000,-2000000,-2000000,-2000000,-2000000,-2000000,-2000000,-2000000,-2000000,-2000000,-2000000,-2000000,-2000000,-2000000,-2000000,-2000000,-2000000,-2000000,249,-2000000,-2000000,-2000000,-2000000,-2000000,-2000000,-2000000,-2000000,-2000000,-2000000,-2000000,-2000000,-2000000,-2000000,-2000000,1,-2000000,-2000000,-2000000,-2000000,-2000000,-2000000,15,15,15,-2000000,-2000000,-2000000,-2000000,6,1,0,1,0,1,0,0,8,1
rodinia_lc_gicov_1_tiling_0,17920,-1000000,17920,-1000000,16384,-1000000,2,16,2,16,16,-1000000,16,-1000000,16,-1000000,-1000000,-1000000,-1000000,-1000000,-1000000,-1000000,-1000000,-1000000,-1000000,-1000000,-1000000,-1000000,-1000000,-1000000,-1000000,-1000000,-1000000,-1000000,-1000000,-1000000,-1000000,-1000000,-1000000,-1000000,-1000000,-1000000,-1000000,-1000000,255,3,-2000000,-2000000,-2000000,-2000000,-2000000,-2000000,-2000000,-2000000,-2000000,-2000000,-2000000,-2000000,-2000000,-2000000,-2000000,-2000000,-2000000,-2000000,-2000000,-2000000,-2000000,-2000000,-2000000,-2000000,63,-2000000,-2000000,-2000000,-2000000,-2000000,-2000000,-2000000,-2000000,-2000000,-2000000,-2000000,-2000000,-2000000,-2000000,-2000000,1,-2000000,-2000000,-2000000,-2000000,-2000000,-2000000,15,15,15,-2000000,-2000000,-2000000,-2000000,6,1,0,1,0,1,0,0,8,1
rodinia_lc_mgvf_0_baseline_0,-1000000,-1000000,-1000000,-1000000,-1000000,-1000000,-1000000,-1000000,-1000000,-1000000,-1000000,-1000000,-1000000,-1000000,-1000000,-1000000,-1000000,-1000000,-1000000,-1000000,-1000000,-1000000,-1000000,-1000000,-1000000,-1000000,-1000000,-1000000,-1000000,-1000000,-1000000,-1000000,-1000000,-1000000,-1000000,-1000000,-1000000,-1000000,-1000000,-1000000,-1000000,-1000000,-1000000,-1000000,1023,31,-2000000,-2000000,-2000000,-2000000,-2000000,-2000000,-2000000,-2000000,-2000000,-2000000,-2000000,-2000000,-2000000,-2000000,-2000000,-2000000,-2000000,-2000000,-2000000,-2000000,-2000000,-2000000,-2000000,-2000000,1023,-2000000,-2000000,-2000000,-2000000,-2000000,-2000000,-2000000,-2000000,-2000000,-2000000,-2000000,-2000000,-2000000,-2000000,-2000000,-2000000,-2000000,-2000000,-2000000,-2000000,-2000000,-2000000,-2000000,-2000000,-2000000,-2000000,-2000000,-2000000,-2000000,14,1,0,10,0,2,0,0,10,1
rodinia_lc_mgvf_1_tiling_0,67584,-1000000,65536,-1000000,65536,-1000000,-1000000,-1000000,-1000000,-1000000,-1000000,-1000000,-1000000,-1000000,-1000000,-1000000,-1000000,-1000000,-1000000,-1000000,-1000000,-1000000,-1000000,-1000000,-1000000,-1000000,-1000000,-1000000,-1000000,-1000000,-1000000,-1000000,-1000000,-1000000,-1000000,-1000000,-1000000,-1000000,-1000000,-1000000,-1000000,-1000000,-1000000,-1000000,63,31,-2000000,-2000000,-2000000,-2000000,-2000000,-2000000,-2000000,-2000000,-2000000,-2000000,-2000000,-2000000,-2000000,-2000000,-2000000,-2000000,-2000000,-2000000,-2000000,-2000000,-2000000,-2000000,-2000000,-2000000,1023,15,15,-2000000,-2000000,-2000000,-2000000,-2000000,-2000000,-2000000,-2000000,-2000000,-2000000,-2000000,-2000000,-2000000,-2000000,-2000000,-2000000,-2000000,-2000000,-2000000,-2000000,-2000000,-2000000,-2000000,-2000000,-2000000,-2000000,-2000000,15,0,0,9,0,2,0,0,10,1
rodinia_lud_0_baseline_0,-1000000,-1000000,-1000000,-1000000,-1000000,-1000000,-1000000,-1000000,-1000000,-1000000,-1000000,-1000000,-1000000,-1000000,-1000000,-1000000,-1000000,-1000000,-1000000,-1000000,-1000000,-1000000,-1000000,-1000000,-1000000,-1000000,-1000000,-1000000,-1000000,-1000000,-1000000,-1000000,-1000000,-1000000,-1000000,-1000000,-1000000,-1000000,-1000000,-1000000,-1000000,-1000000,-1000000,-1000000,255,-2000000,-2000000,-2000000,-2000000,-2000000,-2000000,-2000000,-2000000,-2000000,-2000000,-2000000,-2000000,-2000000,-2000000,-2000000,-2000000,-2000000,-2000000,-2000000,-2000000,-2000000,-2000000,-2000000,-2000000,-2000000,-1,-1,-2000000,-2000000,-2000000,-2000000,-2000000,-2000000,-2000000,-2000000,-2000000,-2000000,-2000000,-2000000,-2000000,-2000000,-1,-1,-2000000,-2000000,-2000000,-2000000,-2000000,-2000000,-2000000,-2000000,-2000000,-2000000,-2000000,-2000000,6,0,0,0,0,0,0,0,4,0
rodinia_lud_1_tiling_0,256,-1000000,256,-1000000,256,-1000000,256,-1000000,256,-1000000,-1000000,-1000000,-1000000,-1000000,-1000000,-1000000,-1000000,-1000000,-1000000,-1000000,-1000000,-1000000,-1000000,-1000000,-1000000,-1000000,-1000000,-1000000,-1000000,-1000000,-1000000,-1000000,-1000000,-1000000,-1000000,-1000000,-1000000,-1000000,-1000000,-1000000,-1000000,-1000000,-1000000,-1000000,15,15,15,15,15,15,15,15,-1,15,15,15,15,-1,14,-2000000,-2000000,-2000000,-2000000,-2000000,-2000000,-2000000,-2000000,-2000000,-2000000,-2000000,15,15,-1,-1,15,15,15,15,15,15,15,15,15,15,15,15,-1,-1,15,15,15,-2000000,-2000000,-1,-1,15,-2000000,-2000000,-2000000,-2000000,9,0,0,0,0,0,0,0,6,0
rodinia_lud_2_coalescing_0,16,256,16,256,256,16,256,16,16,240,16,240,16,240,-1000000,-1000000,-1000000,-1000000,-1000000,-1000000,-1000000,-1000000,-1000000,-1000000,-1000000,-1000000,-1000000,-1000000,-1000000,-1000000,-1000000,-1000000,-1000000,-1000000,-1000000,-1000000,-1000000,-1000000,-1000000,-1000000,-1000000,-1000000,-1000000,-1000000,15,15,-1,15,-2000000,-2000000,-2000000,-2000000,-2000000,-2000000,-2000000,-2000000,-2000000,-2000000,-2000000,-2000000,-2000000,-2000000,-2000000,-2000000,-2000000,-2000000,-2000000,-2000000,-2000000,-2000000,15,15,-1,15,15,-1,15,-1,-1,-2000000,-2000000,-2000000,-2000000,-2000000,-2000000,-2000000,15,-1,-1,15,15,-2000000,-2000000,15,15,-1,-1,15,15,15,4,0,0,0,0,0,0,0,4,2
rodinia_nw_0_baseline_0,16641,-1000000,16641,-1000000,-1000000,-1000000,-1000000,-1000000,-1000000,-1000000,-1000000,-1000000,-1000000,-1000000,-1000000,-1000000,-1000000,-1000000,-1000000,-1000000,-1000000,-1000000,-1000000,-1000000,-1000000,-1000000,-1000000,-1000000,-1000000,-1000000,-1000000,-1000000,-1000000,-1000000,-1000000,-1000000,-1000000,-1000000,-1000000,-1000000,-1000000,-1000000,-1000000,-1000000,128,128,127,1023,-2000000,-2000000,-2000000,-2000000,-2000000,-2000000,-2000000,-2000000,-2000000,-2000000,-2000000,-2000000,-2000000,-2000000,-2000000,-2000000,-2000000,-2000000,-2000000,-2000000,-2000000,-2000000,127,-2000000,-2000000,-2000000,-2000000,-2000000,-2000000,-2000000,-2000000,-2000000,-2000000,-2000000,-2000000,-2000000,-2000000,-2000000,-2000000,-2000000,-2000000,-2000000,-2000000,-2000000,-2000000,-2000000,-2000000,-2000000,-2000000,-2000000,-2000000,-2000000,9,0,0,0,0,0,0,0,5,4
rodinia_nw_1_tiling_0,65536,-1000000,65536,-1000000,32768,-1000000,32768,-1000000,16641,-1000000,16641,-1000000,-1000000,-1000000,-1000000,-1000000,-1000000,-1000000,-1000000,-1000000,-1000000,-1000000,-1000000,-1000000,-1000000,-1000000,-1000000,-1000000,-1000000,-1000000,-1000000,-1000000,-1000000,-1000000,-1000000,-1000000,-1000000,-1000000,-1000000,-1000000,-1000000,-1000000,-1000000,-1000000,128,128,127,3,-2000000,-2000000,-2000000,-2000000,-2000000,-2000000,-2000000,-2000000,-2000000,-2000000,-2000000,-2000000,-2000000,-2000000,-2000000,-2000000,-2000000,-2000000,-2000000,-2000000,-2000000,-2000000,127,255,-2000000,-2000000,-2000000,-2000000,-2000000,-2000000,-2000000,-2000000,-2000000,-2000000,-2000000,-2000000,-2000000,-2000000,-2000000,-2000000,-2000000,-2000000,-2000000,-2000000,-2000000,-2000000,-2000000,-2000000,-2000000,-2000000,-2000000,-2000000,9,0,0,0,0,0,0,0,3,4
rodinia_nw_2_pipeline_0,64,1024,64,1024,64,512,64,512,16641,-1000000,129,-1000000,129,-1000000,-1000000,-1000000,-1000000,-1000000,-1000000,-1000000,-1000000,-1000000,-1000000,-1000000,-1000000,-1000000,-1000000,-1000000,-1000000,-1000000,-1000000,-1000000,-1000000,-1000000,-1000000,-1000000,-1000000,-1000000,-1000000,-1000000,-1000000,-1000000,-1000000,-1000000,128,127,3,3,-2000000,-2000000,-2000000,-2000000,-2000000,-2000000,-2000000,-2000000,-2000000,-2000000,-2000000,-2000000,-2000000,-2000000,-2000000,-2000000,-2000000,-2000000,-2000000,-2000000,-2000000,-2000000,128,63,-2000000,-2000000,-2000000,-2000000,-2000000,-2000000,-2000000,-2000000,-2000000,-2000000,-2000000,-2000000,-2000000,-2000000,-2000000,-2000000,-2000000,-2000000,-2000000,-2000000,-2000000,-2000000,-2000000,-2000000,-2000000,-2000000,-2000000,-2000000,8,0,0,0,0,0,0,0,7,8
rodinia_nw_3_unroll_0,-1000000,-1000000,-1000000,-1000000,-1000000,-1000000,-1000000,-1000000,-1000000,-1000000,-1000000,-1000000,-1000000,-1000000,-1000000,-1000000,-1000000,-1000000,-1000000,-1000000,-1000000,-1000000,-1000000,-1000000,-1000000,-1000000,-1000000,-1000000,-1000000,-1000000,-1000000,-1000000,-1000000,-1000000,-1000000,-1000000,-1000000,-1000000,-1000000,-1000000,-1000000,-1000000,-1000000,-1000000,128,127,3,3,-2000000,-2000000,-2000000,-2000000,-2000000,-2000000,-2000000,-2000000,-2000000,-2000000,-2000000,-2000000,-2000000,-2000000,-2000000,-2000000,-2000000,-2000000,-2000000,-2000000,-2000000,-2000000,127,63,-2000000,-2000000,-2000000,-2000000,-2000000,-2000000,-2000000,-2000000,-2000000,-2000000,-2000000,-2000000,-2000000,-2000000,-2000000,-2000000,-2000000,-2000000,-2000000,-2000000,-2000000,-2000000,-2000000,-2000000,-2000000,-2000000,-2000000,-2000000,8,0,0,0,0,0,0,0,3,4
rodinia_nw_4_doublebuffer_0,64,1024,64,1024,64,1024,64,1024,64,512,64,512,64,512,64,512,16641,-1000000,129,-1000000,129,-1000000,-1000000,-1000000,-1000000,-1000000,-1000000,-1000000,-1000000,-1000000,-1000000,-1000000,-1000000,-1000000,-1000000,-1000000,-1000000,-1000000,-1000000,-1000000,-1000000,-1000000,-1000000,-1000000,128,127,3,63,63,63,5,-2000000,-2000000,-2000000,-2000000,-2000000,-2000000,-2000000,-2000000,-2000000,-2000000,-2000000,-2000000,-2000000,-2000000,-2000000,-2000000,-2000000,-2000000,-2000000,128,-2000000,-2000000,-2000000,-2000000,-2000000,-2000000,-2000000,-2000000,-2000000,-2000000,-2000000,-2000000,-2000000,-2000000,-2000000,-2000000,-2000000,-2000000,-2000000,-2000000,-2000000,-2000000,-2000000,-2000000,-2000000,-2000000,-2000000,-2000000,-2000000,7,0,0,0,0,0,0,0,7,8
rodinia_nw_5_coalescing_0,64,2048,64,2048,64,2048,64,2048,64,1024,64,1024,64,1024,64,1024,16641,-1000000,64,256,64,256,129,-1000000,129,-1000000,-1000000,-1000000,-1000000,-1000000,-1000000,-1000000,-1000000,-1000000,-1000000,-1000000,-1000000,-1000000,-1000000,-1000000,-1000000,-1000000,-1000000,-1000000,128,127,7,7,7,63,63,63,63,63,63,63,3,-2000000,-2000000,-2000000,-2000000,-2000000,-2000000,-2000000,-2000000,-2000000,-2000000,-2000000,-2000000,-2000000,128,15,15,-2000000,-2000000,-2000000,-2000000,-2000000,-2000000,-2000000,-2000000,-2000000,-2000000,-2000000,-2000000,-2000000,-2000000,-2000000,-2000000,-2000000,-2000000,-2000000,-2000000,-2000000,-2000000,-2000000,-2000000,-2000000,-2000000,-2000000,13,0,0,0,0,0,0,0,16,17
rodinia_pathfinder_0_baseline_0,1024,-1000000,1024,-1000000,-1000000,-1000000,-1000000,-1000000,-1000000,-1000000,-1000000,-1000000,-1000000,-1000000,-1000000,-1000000,-1000000,-1000000,-1000000,-1000000,-1000000,-1000000,-1000000,-1000000,-1000000,-1000000,-1000000,-1000000,-1000000,-1000000,-1000000,-1000000,-1000000,-1000000,-1000000,-1000000,-1000000,-1000000,-1000000,-1000000,-1000000,-1000000,-1000000,-1000000,1022,1022,-2000000,-2000000,-2000000,-2000000,-2000000,-2000000,-2000000,-2000000,-2000000,-2000000,-2000000,-2000000,-2000000,-2000000,-2000000,-2000000,-2000000,-2000000,-2000000,-2000000,-2000000,-2000000,-2000000,-2000000,1023,1023,-2000000,-2000000,-2000000,-2000000,-2000000,-2000000,-2000000,-2000000,-2000000,-2000000,-2000000,-2000000,-2000000,-2000000,-2000000,-2000000,-2000000,-2000000,-2000000,-2000000,-2000000,-2000000,-2000000,-2000000,-2000000,-2000000,-2000000,-2000000,9,0,0,0,0,0,0,0,7,2
rodinia_pathfinder_1_tiling_0,16384,-1000000,1024,-1000000,1024,-1000000,-1000000,-1000000,-1000000,-1000000,-1000000,-1000000,-1000000,-1000000,-1000000,-1000000,-1000000,-1000000,-1000000,-1000000,-1000000,-1000000,-1000000,-1000000,-1000000,-1000000,-1000000,-1000000,-1000000,-1000000,-1000000,-1000000,-1000000,-1000000,-1000000,-1000000,-1000000,-1000000,-1000000,-1000000,-1000000,-1000000,-1000000,-1000000,63,-2000000,-2000000,-2000000,-2000000,-2000000,-2000000,-2000000,-2000000,-2000000,-2000000,-2000000,-2000000,-2000000,-2000000,-2000000,-2000000,-2000000,-2000000,-2000000,-2000000,-2000000,-2000000,-2000000,-2000000,-2000000,15,-2000000,-2000000,-2000000,-2000000,-2000000,-2000000,-2000000,-2000000,-2000000,-2000000,-2000000,-2000000,-2000000,-2000000,-2000000,1023,-2000000,-2000000,-2000000,-2000000,-2000000,-2000000,-2000000,-2000000,-2000000,-2000000,-2000000,-2000000,-2000000,5,0,0,0,0,0,0,0,4,1
rodinia_pathfinder_3_unroll_0,16384,-1000000,1024,-1000000,1024,-1000000,-1000000,-1000000,-1000000,-1000000,-1000000,-1000000,-1000000,-1000000,-1000000,-1000000,-1000000,-1000000,-1000000,-1000000,-1000000,-1000000,-1000000,-1000000,-1000000,-1000000,-1000000,-1000000,-1000000,-1000000,-1000000,-1000000,-1000000,-1000000,-1000000,-1000000,-1000000,-1000000,-1000000,-1000000,-1000000,-1000000,-1000000,-1000000,63,-2000000,-2000000,-2000000,-2000000,-2000000,-2000000,-2000000,-2000000,-2000000,-2000000,-2000000,-2000000,-2000000,-2000000,-2000000,-2000000,-2000000,-2000000,-2000000,-2000000,-2000000,-2000000,-2000000,-2000000,-2000000,15,-2000000,-2000000,-2000000,-2000000,-2000000,-2000000,-2000000,-2000000,-2000000,-2000000,-2000000,-2000000,-2000000,-2000000,-2000000,1023,-2000000,-2000000,-2000000,-2000000,-2000000,-2000000,-2000000,-2000000,-2000000,-2000000,-2000000,-2000000,-2000000,5,0,0,0,0,0,0,0,4,1
rodinia_pathfinder_4_doublebuffer_0,16384,-1000000,16384,-1000000,1024,-1000000,1024,-1000000,-1000000,-1000000,-1000000,-1000000,-1000000,-1000000,-1000000,-1000000,-1000000,-1000000,-1000000,-1000000,-1000000,-1000000,-1000000,-1000000,-1000000,-1000000,-1000000,-1000000,-1000000,-1000000,-1000000,-1000000,-1000000,-1000000,-1000000,-1000000,-1000000,-1000000,-1000000,-1000000,-1000000,-1000000,-1000000,-1000000,15,62,-2000000,-2000000,-2000000,-2000000,-2000000,-2000000,-2000000,-2000000,-2000000,-2000000,-2000000,-2000000,-2000000,-2000000,-2000000,-2000000,-2000000,-2000000,-2000000,-2000000,-2000000,-2000000,-2000000,-2000000,1023,511,-2000000,-2000000,-2000000,-2000000,-2000000,-2000000,-2000000,-2000000,-2000000,-2000000,-2000000,-2000000,-2000000,-2000000,-2000000,-2000000,-2000000,-2000000,-2000000,-2000000,-2000000,-2000000,-2000000,-2000000,-2000000,-2000000,-2000000,-2000000,6,0,0,0,0,0,0,0,6,3
rodinia_pathfinder_5_coalescing_0,16384,-1000000,16384,-1000000,4096,-1000000,512,-1000000,512,-1000000,512,-1000000,512,-1000000,-1000000,-1000000,-1000000,-1000000,-1000000,-1000000,-1000000,-1000000,-1000000,-1000000,-1000000,-1000000,-1000000,-1000000,-1000000,-1000000,-1000000,-1000000,-1000000,-1000000,-1000000,-1000000,-1000000,-1000000,-1000000,-1000000,-1000000,-1000000,-1000000,-1000000,7,255,62,511,-2000000,-2000000,-2000000,-2000000,-2000000,-2000000,-2000000,-2000000,-2000000,-2000000,-2000000,-2000000,-2000000,-2000000,-2000000,-2000000,-2000000,-2000000,-2000000,-2000000,-2000000,-2000000,511,511,-2000000,-2000000,-2000000,-2000000,-2000000,-2000000,-2000000,-2000000,-2000000,-2000000,-2000000,-2000000,-2000000,-2000000,-2000000,-2000000,-2000000,-2000000,-2000000,-2000000,-2000000,-2000000,-2000000,-2000000,-2000000,-2000000,-2000000,-2000000,8,0,0,0,0,0,0,0,10,4
rodinia_srad_0_baseline_0,66304,-1000000,65792,-1000000,65792,-1000000,65792,-1000000,65792,-1000000,65792,-1000000,65536,-1000000,16,33,16,17,16,-1000000,16,-1000000,16,-1000000,16,-1000000,16,-1000000,16,-1000000,16,-1000000,16,-1000000,16,-1000000,-1000000,-1000000,-1000000,-1000000,-1000000,-1000000,-1000000,-1000000,4144,4112,-2000000,-2000000,-2000000,-2000000,-2000000,-2000000,-2000000,-2000000,-2000000,-2000000,-2000000,-2000000,-2000000,-2000000,-2000000,-2000000,-2000000,-2000000,-2000000,-2000000,-2000000,-2000000,-2000000,-2000000,15,15,15,15,-2000000,-2000000,-2000000,-2000000,-2000000,-2000000,-2000000,-2000000,-2000000,-2000000,-2000000,-2000000,31,15,-2000000,-2000000,-2000000,-2000000,-2000000,-2000000,-2000000,-2000000,-2000000,-2000000,-2000000,-2000000,2,0,0,0,0,0,0,0,2,2
rodinia_srad_1_tiling_0,66304,-1000000,65792,-1000000,65792,-1000000,65792,-1000000,65792,-1000000,65792,-1000000,65536,-1000000,16,33,16,17,16,-1000000,16,-1000000,16,-1000000,16,-1000000,16,-1000000,16,-1000000,16,-1000000,16,-1000000,16,-1000000,-1000000,-1000000,-1000000,-1000000,-1000000,-1000000,-1000000,-1000000,4144,4112,-2000000,-2000000,-2000000,-2000000,-2000000,-2000000,-2000000,-2000000,-2000000,-2000000,-2000000,-2000000,-2000000,-2000000,-2000000,-2000000,-2000000,-2000000,-2000000,-2000000,-2000000,-2000000,-2000000,-2000000,15,15,15,15,-2000000,-2000000,-2000000,-2000000,-2000000,-2000000,-2000000,-2000000,-2000000,-2000000,-2000000,-2000000,31,15,-2000000,-2000000,-2000000,-2000000,-2000000,-2000000,-2000000,-2000000,-2000000,-2000000,-2000000,-2000000,2,0,0,0,0,0,0,0,2,2
rodinia_srad_2_pipeline_0,66304,-1000000,65792,-1000000,65792,-1000000,65792,-1000000,65792,-1000000,65792,-1000000,65536,-1000000,16,33,16,17,16,-1000000,16,-1000000,16,-1000000,16,-1000000,16,-1000000,16,-1000000,16,-1000000,16,-1000000,16,-1000000,-1000000,-1000000,-1000000,-1000000,-1000000,-1000000,-1000000,-1000000,4144,4112,-2000000,-2000000,-2000000,-2000000,-2000000,-2000000,-2000000,-2000000,-2000000,-2000000,-2000000,-2000000,-2000000,-2000000,-2000000,-2000000,-2000000,-2000000,-2000000,-2000000,-2000000,-2000000,-2000000,-2000000,15,15,15,15,-2000000,-2000000,-2000000,-2000000,-2000000,-2000000,-2000000,-2000000,-2000000,-2000000,-2000000,-2000000,31,15,-2000000,-2000000,-2000000,-2000000,-2000000,-2000000,-2000000,-2000000,-2000000,-2000000,-2000000,-2000000,2,0,0,0,0,0,0,0,2,2
rodinia_srad_4_double_buffer_0,66304,-1000000,66304,-1000000,66304,-1000000,65792,-1000000,65792,-1000000,65792,-1000000,65792,-1000000,65792,-1000000,65536,-1000000,65536,-1000000,65536,-1000000,16,33,16,17,16,-1000000,16,-1000000,16,-1000000,16,-1000000,16,-1000000,16,-1000000,16,-1000000,16,-1000000,16,-1000000,4144,4112,2,2,-2000000,-2000000,-2000000,-2000000,-2000000,-2000000,-2000000,-2000000,-2000000,-2000000,-2000000,-2000000,-2000000,-2000000,-2000000,-2000000,-2000000,-2000000,-2000000,-2000000,-2000000,-2000000,15,15,15,15,-2000000,-2000000,-2000000,-2000000,-2000000,-2000000,-2000000,-2000000,-2000000,-2000000,-2000000,-2000000,31,15,-2000000,-2000000,-2000000,-2000000,-2000000,-2000000,-2000000,-2000000,-2000000,-2000000,-2000000,-2000000,2,0,0,0,0,0,0,0,2,2
rodinia_srad_5_coalescing_0,66304,-1000000,66304,-1000000,66304,-1000000,65792,-1000000,65792,-1000000,65792,-1000000,65792,-1000000,65792,-1000000,65536,-1000000,65536,-1000000,65536,-1000000,16,33,16,17,16,-1000000,16,-1000000,16,-1000000,16,-1000000,16,-1000000,16,-1000000,16,-1000000,16,-1000000,16,-1000000,4144,4112,2,2,-2000000,-2000000,-2000000,-2000000,-2000000,-2000000,-2000000,-2000000,-2000000,-2000000,-2000000,-2000000,-2000000,-2000000,-2000000,-2000000,-2000000,-2000000,-2000000,-2000000,-2000000,-2000000,15,15,15,15,-2000000,-2000000,-2000000,-2000000,-2000000,-2000000,-2000000,-2000000,-2000000,-2000000,-2000000,-2000000,31,15,-2000000,-2000000,-2000000,-2000000,-2000000,-2000000,-2000000,-2000000,-2000000,-2000000,-2000000,-2000000,2,0,0,0,0,0,0,0,2,2
rodinia_streamcluster_0_baseline_0,-1000000,-1000000,-1000000,-1000000,-1000000,-1000000,-1000000,-1000000,-1000000,-1000000,-1000000,-1000000,-1000000,-1000000,-1000000,-1000000,-1000000,-1000000,-1000000,-1000000,-1000000,-1000000,-1000000,-1000000,-1000000,-1000000,-1000000,-1000000,-1000000,-1000000,-1000000,-1000000,-1000000,-1000000,-1000000,-1000000,-1000000,-1000000,-1000000,-1000000,-1000000,-1000000,-1000000,-1000000,1023,-2000000,-2000000,-2000000,-2000000,-2000000,-2000000,-2000000,-2000000,-2000000,-2000000,-2000000,-2000000,-2000000,-2000000,-2000000,-2000000,-2000000,-2000000,-2000000,-2000000,-2000000,-2000000,-2000000,-2000000,-2000000,199,-2000000,-2000000,-2000000,-2000000,-2000000,-2000000,-2000000,-2000000,-2000000,-2000000,-2000000,-2000000,-2000000,-2000000,-2000000,-2000000,-2000000,-2000000,-2000000,-2000000,-2000000,-2000000,-2000000,-2000000,-2000000,-2000000,-2000000,-2000000,-2000000,2,0,0,1,0,0,0,0,2,0
rodinia_streamcluster_1_tiling_0,51200,-1000000,1024,-1000000,1024,-1000000,1024,-1000000,256,-1000000,256,-1000000,256,-1000000,256,-1000000,200,-1000000,1,-1000000,-1000000,-1000000,-1000000,-1000000,-1000000,-1000000,-1000000,-1000000,-1000000,-1000000,-1000000,-1000000,-1000000,-1000000,-1000000,-1000000,-1000000,-1000000,-1000000,-1000000,-1000000,-1000000,-1000000,-1000000,255,255,3,-2000000,-2000000,-2000000,-2000000,-2000000,-2000000,-2000000,-2000000,-2000000,-2000000,-2000000,-2000000,-2000000,-2000000,-2000000,-2000000,-2000000,-2000000,-2000000,-2000000,-2000000,-2000000,-2000000,199,-2000000,-2000000,-2000000,-2000000,-2000000,-2000000,-2000000,-2000000,-2000000,-2000000,-2000000,-2000000,-2000000,-2000000,-2000000,-2000000,-2000000,-2000000,-2000000,-2000000,-2000000,-2000000,-2000000,-2000000,-2000000,-2000000,-2000000,-2000000,-2000000,2,0,0,1,0,0,0,0,2,0
rodinia_streamcluster_2_pipeline_1,51200,-1000000,1024,-1000000,1024,-1000000,1024,-1000000,256,-1000000,256,-1000000,256,-1000000,256,-1000000,200,-1000000,1,-1000000,-1000000,-1000000,-1000000,-1000000,-1000000,-1000000,-1000000,-1000000,-1000000,-1000000,-1000000,-1000000,-1000000,-1000000,-1000000,-1000000,-1000000,-1000000,-1000000,-1000000,-1000000,-1000000,-1000000,-1000000,255,255,3,-2000000,-2000000,-2000000,-2000000,-2000000,-2000000,-2000000,-2000000,-2000000,-2000000,-2000000,-2000000,-2000000,-2000000,-2000000,-2000000,-2000000,-2000000,-2000000,-2000000,-2000000,-2000000,-2000000,199,-2000000,-2000000,-2000000,-2000000,-2000000,-2000000,-2000000,-2000000,-2000000,-2000000,-2000000,-2000000,-2000000,-2000000,-2000000,-2000000,-2000000,-2000000,-2000000,-2000000,-2000000,-2000000,-2000000,-2000000,-2000000,-2000000,-2000000,-2000000,-2000000,2,0,0,1,0,0,0,0,2,0
rodinia_streamcluster_3_doublebuffer_0,51200,-1000000,51200,-1000000,1024,-1000000,1024,-1000000,1024,-1000000,256,-1000000,256,-1000000,256,-1000000,256,-1000000,256,-1000000,256,-1000000,256,-1000000,200,-1000000,1,-1000000,-1000000,-1000000,-1000000,-1000000,-1000000,-1000000,-1000000,-1000000,-1000000,-1000000,-1000000,-1000000,-1000000,-1000000,-1000000,-1000000,255,255,4,-2000000,-2000000,-2000000,-2000000,-2000000,-2000000,-2000000,-2000000,-2000000,-2000000,-2000000,-2000000,-2000000,-2000000,-2000000,-2000000,-2000000,-2000000,-2000000,-2000000,-2000000,-2000000,-2000000,199,-2000000,-2000000,-2000000,-2000000,-2000000,-2000000,-2000000,-2000000,-2000000,-2000000,-2000000,-2000000,-2000000,-2000000,-2000000,-2000000,-2000000,-2000000,-2000000,-2000000,-2000000,-2000000,-2000000,-2000000,-2000000,-2000000,-2000000,-2000000,-2000000,2,0,0,1,0,0,0,0,2,0
rodinia_streamcluster_4_coalescing_0,51200,-1000000,51200,-1000000,1024,-1000000,1024,-1000000,1024,-1000000,256,-1000000,256,-1000000,256,-1000000,256,-1000000,256,-1000000,256,-1000000,256,-1000000,200,-1000000,1,-1000000,-1000000,-1000000,-1000000,-1000000,-1000000,-1000000,-1000000,-1000000,-1000000,-1000000,-1000000,-1000000,-1000000,-1000000,-1000000,-1000000,255,255,4,-2000000,-2000000,-2000000,-2000000,-2000000,-2000000,-2000000,-2000000,-2000000,-2000000,-2000000,-2000000,-2000000,-2000000,-2000000,-2000000,-2000000,-2000000,-2000000,-2000000,-2000000,-2000000,-2000000,199,-2000000,-2000000,-2000000,-2000000,-2000000,-2000000,-2000000,-2000000,-2000000,-2000000,-2000000,-2000000,-2000000,-2000000,-2000000,-2000000,-2000000,-2000000,-2000000,-2000000,-2000000,-2000000,-2000000,-2000000,-2000000,-2000000,-2000000,-2000000,-2000000,2,0,0,1,0,0,0,0,2,0
rosetta-3d-rendering,256,256,256,256,500,-1000000,500,-1000000,5,-1000000,1,-1000000,-1000000,-1000000,-1000000,-1000000,-1000000,-1000000,-1000000,-1000000,-1000000,-1000000,-1000000,-1000000,-1000000,-1000000,-1000000,-1000000,-1000000,-1000000,-1000000,-1000000,-1000000,-1000000,-1000000,-1000000,-1000000,-1000000,-1000000,-1000000,-1000000,-1000000,-1000000,-1000000,-1,-1,-1,-1,-1,-1,-2000000,-2000000,-2000000,-2000000,-2000000,-2000000,-2000000,-2000000,-2000000,-2000000,-2000000,-2000000,-2000000,-2000000,-2000000,-2000000,-2000000,-2000000,-2000000,-2000000,-1,-1,-1,-2000000,-2000000,-2000000,-2000000,-2000000,-2000000,-2000000,-2000000,-2000000,-2000000,-2000000,-2000000,-2000000,-2000000,-2000000,-2000000,-2000000,-2000000,-2000000,-2000000,-2000000,-2000000,-2000000,-2000000,-2000000,-2000000,-2000000,8,0,0,0,0,0,0,0,164,241
rosetta-spam-filter,4500,-1000000,1024,-1000000,1024,-1000000,1024,-1000000,-1000000,-1000000,-1000000,-1000000,-1000000,-1000000,-1000000,-1000000,-1000000,-1000000,-1000000,-1000000,-1000000,-1000000,-1000000,-1000000,-1000000,-1000000,-1000000,-1000000,-1000000,-1000000,-1000000,-1000000,-1000000,-1000000,-1000000,-1000000,-1000000,-1000000,-1000000,-1000000,-1000000,-1000000,-1000000,-1000000,31,31,31,31,63,1124,4,63,-2000000,-2000000,-2000000,-2000000,-2000000,-2000000,-2000000,-2000000,-2000000,-2000000,-2000000,-2000000,-2000000,-2000000,-2000000,-2000000,-2000000,-2000000,31,31,31,31,15,3,4499,15,-2000000,-2000000,-2000000,-2000000,-2000000,-2000000,-2000000,-2000000,-2000000,-2000000,-2000000,-2000000,-2000000,-2000000,-2000000,-2000000,-2000000,-2000000,-2000000,-2000000,-2000000,-2000000,19,0,3,0,3,0,0,0,61,105
serrano-kalman-filter,262144,-1000000,262144,-1000000,64,-1000000,64,-1000000,64,-1000000,64,-1000000,-1000000,-1000000,-1000000,-1000000,-1000000,-1000000,-1000000,-1000000,-1000000,-1000000,-1000000,-1000000,-1000000,-1000000,-1000000,-1000000,-1000000,-1000000,-1000000,-1000000,-1000000,-1000000,-1000000,-1000000,-1000000,-1000000,-1000000,-1000000,-1000000,-1000000,-1000000,-1000000,32767,63,-1,32767,-2000000,-2000000,-2000000,-2000000,-2000000,-2000000,-2000000,-2000000,-2000000,-2000000,-2000000,-2000000,-2000000,-2000000,-2000000,-2000000,-2000000,-2000000,-2000000,-2000000,-2000000,-2000000,7,-1,7,-2000000,-2000000,-2000000,-2000000,-2000000,-2000000,-2000000,-2000000,-2000000,-2000000,-2000000,-2000000,-2000000,-2000000,-2000000,-2000000,-2000000,-2000000,-2000000,-2000000,-2000000,-2000000,-2000000,-2000000,-2000000,-2000000,-2000000,8,0,0,0,2,0,0,0,70,102
spcl_example_00,-1000000,-1000000,-1000000,-1000000,-1000000,-1000000,-1000000,-1000000,-1000000,-1000000,-1000000,-1000000,-1000000,-1000000,-1000000,-1000000,-1000000,-1000000,-1000000,-1000000,-1000000,-1000000,-1000000,-1000000,-1000000,-1000000,-1000000,-1000000,-1000000,-1000000,-1000000,-1000000,-1000000,-1000000,-1000000,-1000000,-1000000,-1000000,-1000000,-1000000,-1000000,-1000000,-1000000,-1000000,1023999,-2000000,-2000000,-2000000,-2000000,-2000000,-2000000,-2000000,-2000000,-2000000,-2000000,-2000000,-2000000,-2000000,-2000000,-2000000,-2000000,-2000000,-2000000,-2000000,-2000000,-2000000,-2000000,-2000000,-2000000,-2000000,-2000000,-2000000,-2000000,-2000000,-2000000,-2000000,-2000000,-2000000,-2000000,-2000000,-2000000,-2000000,-2000000,-2000000,-2000000,-2000000,-2000000,-2000000,-2000000,-2000000,-2000000,-2000000,-2000000,-2000000,-2000000,-2000000,-2000000,-2000000,-2000000,-2000000,1,1,0,1,0,1,0,0,2,1
spcl_example_01,-1000000,-1000000,-1000000,-1000000,-1000000,-1000000,-1000000,-1000000,-1000000,-1000000,-1000000,-1000000,-1000000,-1000000,-1000000,-1000000,-1000000,-1000000,-1000000,-1000000,-1000000,-1000000,-1000000,-1000000,-1000000,-1000000,-1000000,-1000000,-1000000,-1000000,-1000000,-1000000,-1000000,-1000000,-1000000,-1000000,-1000000,-1000000,-1000000,-1000000,-1000000,-1000000,-1000000,-1000000,1023997,-2000000,-2000000,-2000000,-2000000,-2000000,-2000000,-2000000,-2000000,-2000000,-2000000,-2000000,-2000000,-2000000,-2000000,-2000000,-2000000,-2000000,-2000000,-2000000,-2000000,-2000000,-2000000,-2000000,-2000000,-2000000,-2000000,-2000000,-2000000,-2000000,-2000000,-2000000,-2000000,-2000000,-2000000,-2000000,-2000000,-2000000,-2000000,-2000000,-2000000,-2000000,-2000000,-2000000,-2000000,-2000000,-2000000,-2000000,-2000000,-2000000,-2000000,-2000000,-2000000,-2000000,-2000000,-2000000,1,2,0,0,0,1,0,0,1,1
spcl_example_03,1000,-1000000,1000,-1000000,-1000000,-1000000,-1000000,-1000000,-1000000,-1000000,-1000000,-1000000,-1000000,-1000000,-1000000,-1000000,-1000000,-1000000,-1000000,-1000000,-1000000,-1000000,-1000000,-1000000,-1000000,-1000000,-1000000,-1000000,-1000000,-1000000,-1000000,-1000000,-1000000,-1000000,-1000000,-1000000,-1000000,-1000000,-1000000,-1000000,-1000000,-1000000,-1000000,-1000000,997,-2000000,-2000000,-2000000,-2000000,-2000000,-2000000,-2000000,-2000000,-2000000,-2000000,-2000000,-2000000,-2000000,-2000000,-2000000,-2000000,-2000000,-2000000,-2000000,-2000000,-2000000,-2000000,-2000000,-2000000,-2000000,999,-2000000,-2000000,-2000000,-2000000,-2000000,-2000000,-2000000,-2000000,-2000000,-2000000,-2000000,-2000000,-2000000,-2000000,-2000000,-2000000,-2000000,-2000000,-2000000,-2000000,-2000000,-2000000,-2000000,-2000000,-2000000,-2000000,-2000000,-2000000,-2000000,4,2,0,0,0,1,0,0,3,1
spcl_example_05,1024,-1000000,-1000000,-1000000,-1000000,-1000000,-1000000,-1000000,-1000000,-1000000,-1000000,-1000000,-1000000,-1000000,-1000000,-1000000,-1000000,-1000000,-1000000,-1000000,-1000000,-1000000,-1000000,-1000000,-1000000,-1000000,-1000000,-1000000,-1000000,-1000000,-1000000,-1000000,-1000000,-1000000,-1000000,-1000000,-1000000,-1000000,-1000000,-1000000,-1000000,-1000000,-1000000,-1000000,1023,-2000000,-2000000,-2000000,-2000000,-2000000,-2000000,-2000000,-2000000,-2000000,-2000000,-2000000,-2000000,-2000000,-2000000,-2000000,-2000000,-2000000,-2000000,-2000000,-2000000,-2000000,-2000000,-2000000,-2000000,-2000000,1023,-2000000,-2000000,-2000000,-2000000,-2000000,-2000000,-2000000,-2000000,-2000000,-2000000,-2000000,-2000000,-2000000,-2000000,-2000000,1023,-2000000,-2000000,-2000000,-2000000,-2000000,-2000000,-2000000,-2000000,-2000000,-2000000,-2000000,-2000000,-2000000,2,0,0,0,0,0,0,0,2,1
vitis-convolution,14,1920,15,15,-1000000,-1000000,-1000000,-1000000,-1000000,-1000000,-1000000,-1000000,-1000000,-1000000,-1000000,-1000000,-1000000,-1000000,-1000000,-1000000,-1000000,-1000000,-1000000,-1000000,-1000000,-1000000,-1000000,-1000000,-1000000,-1000000,-1000000,-1000000,-1000000,-1000000,-1000000,-1000000,-1000000,-1000000,-1000000,-1000000,-1000000,-1000000,-1000000,-1000000,255,-1,-1,-1,14,-1,-2000000,-2000000,-2000000,-2000000,-2000000,-2000000,-2000000,-2000000,-2000000,-2000000,-2000000,-2000000,-2000000,-2000000,-2000000,-2000000,-2000000,-2000000,-2000000,-2000000,14,12,14,-1,-2000000,-2000000,-2000000,-2000000,-2000000,-2000000,-2000000,-2000000,-2000000,-2000000,-2000000,-2000000,13,14,-2000000,-2000000,-2000000,-2000000,-2000000,14,-2000000,-2000000,-2000000,-2000000,-2000000,-2000000,4,0,0,0,1,0,0,0,2,0
vitis-tsp,5,5,5,5,5,5,5,5,5,-1000000,-1000000,-1000000,-1000000,-1000000,-1000000,-1000000,-1000000,-1000000,-1000000,-1000000,-1000000,-1000000,-1000000,-1000000,-1000000,-1000000,-1000000,-1000000,-1000000,-1000000,-1000000,-1000000,-1000000,-1000000,-1000000,-1000000,-1000000,-1000000,-1000000,-1000000,-1000000,-1000000,-1000000,-1000000,4,3,24,5,-2000000,-2000000,-2000000,-2000000,-2000000,-2000000,-2000000,-2000000,-2000000,-2000000,-2000000,-2000000,-2000000,-2000000,-2000000,-2000000,-2000000,-2000000,-2000000,-2000000,-2000000,-2000000,-1,-2000000,-2000000,-2000000,-2000000,-2000000,-2000000,-2000000,-2000000,-2000000,-2000000,-2000000,-2000000,-2000000,-2000000,-2000000,-2000000,-2000000,-2000000,-2000000,-2000000,-2000000,-2000000,-2000000,-2000000,-2000000,-2000000,-2000000,-2000000,-2000000,2,0,0,0,0,0,0,0,2,1
